Workbook

Sheet NCBI_SNP_EFEMP1
A1: NCBI Chromosome | B1: NCBI Position | C1: NCBI RS | D1: NCBI Reference Allele | E1: NCBI Alternative Allele
A2: 2 | B2: 55865969 | C2: rs1429945841 | D2: A | E2: G
A3: 2 | B3: 55865980 | C3: rs548260378 | D3: G | E3: A
A4: 2 | B4: 55865985 | C4: rs886056188 | D4: T | E4: G
A5: 2 | B5: 55865988 | C5: rs1197839931 | D5: A | E5: G
A6: 2 | B6: 55865996 | C6: rs568443337 | D6: T | E6: C
A7: 2 | B7: 55866007 | C7: rs1443740513 | D7: A | E7: G,T
A8: 2 | B8: 55866008 | C8: rs147551451 | D8: T | E8: C
A9: 2 | B9: 55866010 | C9: rs112334283 | D9: C | E9: T
A10: 2 | B10: 55866011 | C10: rs142276628 | D10: A | E10: G
A11: 2 | B11: 55866019 | C11: rs1224828836 | D11: A | E11: T
A12: 2 | B12: 55866029 | C12: rs1228344933 | D12: C | E12: T
A13: 2 | B13: 55866034 | C13: rs1284454126 | D13: T | E13: G
... A12517: 2 | B12517: 55924136 | C12517: rs987802851 | D12517: A | E12517: G

Sheet GWAS_CATALOG_EFEMP1
A1: PUBMEDID | B1: DISEASE/TRAIT | C1: GWAS Position | D1: GWAS Reported Gene(s) | E1: GWAS Mapped Gene | F1: GWAS RS/SNP | G1: GWAS Context | H1: GWAS Risk Allele Freq | I1: GWAS P-value | J1: GWAS Pvalue Mlog" | K1: GWAS Mapped Trait"
A2: 30578418 | B2: Pulse pressure | C2: 55875609 | D2: EFEMP1 | E2: EFEMP1 | F2: rs11899888-G | G2: intron_variant | H2: 0.8602 | I2: 1e-12 | J2: 12 | K2: pulse pressure measurement
A3: 31562340 | B3: Height | C3: 55869757 | D3: EFEMP1 | E3: EFEMP1 | F3: rs3791679-? | G3: intron_variant | H3: NR | I3: 4e-82 | J3: 81.39794 | K3: body height
A4: 32231278 | B4: Refractive error | C4: 55868231 | D4: ASB3, CHAC2, ERLEC1, GPR75, PSME4, ACYP2, SPTBN1, EML6, CCDC88A, CCDC104, SMEK2, PNPT1, EFEMP1 | E4: EFEMP1 | F4: rs9309272-? | G4: intron_variant | H4: NR | I4: 3e-34 | J4: 33.522879 | K4: Abnormality of refraction
A5: 32352494 | B5: Spherical equivalent | C5: 55907964 | D5: NR | E5: EFEMP1 | F5: rs78857879-G | G5: intron_variant | H5: NR | I5: 2e-15 | J5: 14.69897 | K5: refractive error
A6: 32358547 | B6: White matter hyperintensities | C6: 55900956 | D6: EFEMP1 | E6: EFEMP1 | F6: rs7596872-A | G6: intron_variant | H6: NR | I6: 2e-20 | J6: 19.69897 | K6: white matter hyperintensity measurement
A7: 30804560 | B7: Lung function (FVC) | C7: 55869757 | D7: EFEMP1 | E7: EFEMP1 | F7: rs3791679-A | G7: intron_variant | H7: 0.7714 | I7: 7e-35 | J7: 34.154902 | K7: vital capacity
A8: 32184442 | B8: Pelvic organ prolapse | C8: 55884174 | D8: EFEMP1 | E8: EFEMP1 | F8: rs3791675-C | G8: intron_variant | H8: 0.7893 | I8: 3e-11 | J8: 10.522879 | K8: pelvic organ prolapse
A9: 30804560 | B9: FEV1 | C9: 55869757 | D9: EFEMP1 | E9: EFEMP1 | F9: rs3791679-A | G9: intron_variant | H9: 0.7714 | I9: 3e-13 | J9: 12.522879 | K9: forced expiratory volume
A10: 31669095 | B10: Waist circumference adjusted for body mass index | C10: 55889288 | D10: NR | E10: EFEMP1 | F10: rs114866397-? | G10: intron_variant | H10: NR | I10: 6e-14 | J10: 13.221849 | K10: BMI-adjusted waist circumference
A11: 31669095 | B11: Waist circumference adjusted for body mass index | C11: 55868231 | D11: NR | E11: EFEMP1 | F11: rs9309272-? | G11: intron_variant | H11: NR | I11: 7e-33 | J11: 32.154902 | K11: BMI-adjusted waist circumference
A12: 31669095 | B12: Waist circumference adjusted for body mass index | C12: 55888699 | D12: NR | E12: EFEMP1 | F12: rs11125609-? | G12: intron_variant | H12: NR | I12: 9e-15 | J12: 14.045757 | K12: BMI-adjusted waist circumference
A13: 31669095 | B13: Waist circumference adjusted for body mass index | C13: 55907077 | D13: NR | E13: EFEMP1 | F13: rs56361700-? | G13: intron_variant | H13: NR | I13: 7e-10 | J13: 9.154902 | K13: BMI-adjusted waist circumference
... A60: 30664634 | B60: Body fat distribution (trunk fat ratio) | C60: 55869757 | D60: EFEMP1 | E60: EFEMP1 | F60: rs3791679-G | G60: intron_variant | H60: 0.227809 | I60: 2e-38 | J60: 37.69897 | K60: body fat distribution
A61: 30595370 | B61: Lung function (FEV1/FVC) | C61: 55885305 | E61: EFEMP1 | F61: rs1367228-? | G61: intron_variant | H61: NR | I61: 5e-24 | J61: 23.30103 | K61: FEV/FVC ratio
A62: 30595370 | B62: Lung function (FVC) | C62: 55869757 | E62: EFEMP1 | F62: rs3791679-? | G62: intron_variant | H62: NR | I62: 3e-35 | J62: 34.522879 | K62: vital capacity
A63: 25673412 | B63: Hip circumference adjusted for BMI | C63: 55869757 | D63: EFEMP1 | E63: EFEMP1 | F63: rs3791679-A | G63: intron_variant | H63: 0.7597 | I63: 1e-20 | J63: 20 | K63: BMI-adjusted hip circumference
A64: 25631615 | B64: Optic cup area | C64: 55881198 | D64: EFEMP1 | E64: EFEMP1 | F64: rs1346786-T | G64: intron_variant | H64: 0.31 | I64: 4e-08 | J64: 7.39794 | K64: optic cup area measurement
A65: 25631615 | B65: Optic cup area | C65: 55881198 | D65: EFEMP1 | E65: EFEMP1 | F65: rs1346786-T | G65: intron_variant | H65: 0.31 | I65: 8e-07 | J65: 6.09691 | K65: optic cup area measurement
A66: 24929828 | B66: Lung function (forced vital capacity) | C66: 55893718 | D66: EFEMP1 | E66: EFEMP1 | F66: rs1430193-T | G66: intron_variant | H66: 0.37 | I66: 2e-12 | J66: 11.69897 | K66: vital capacity
A67: 32517579 | B67: Periventricular white matter hyperintensities | C67: 55900956 | D67: EFEMP1 | E67: EFEMP1 | F67: rs7596872-A | G67: intron_variant | H67: 0.0975 | I67: 9e-11 | J67: 10.045757 | K67: white matter hyperintensity measurement
A68: 31217584 | B68: Height | C68: 55884174 | D68: NR | E68: EFEMP1 | F68: rs3791675-? | G68: intron_variant | H68: NR | I68: 1e-19 | J68: 19 | K68: body height
A69: 31217584 | B69: Height | C69: 55869757 | D69: NR | E69: EFEMP1 | F69: rs3791679-? | G69: intron_variant | H69: NR | I69: 2e-19 | J69: 18.69897 | K69: body height
A70: 34382107 | B70: Inguinal hernia | C70: 55875609 | E70: EFEMP1 | F70: rs11899888-G | G70: intron_variant | H70: 0.15 | I70: 1e-25 | J70: 25 | K70: Inguinal hernia
A71: 34382107 | B71: Inguinal hernia | C71: 55879793 | E71: EFEMP1 | F71: rs59985551-C | G71: intron_variant | H71: 0.77 | I71: 2e-45 | J71: 44.69897 | K71: Inguinal hernia
A72: 34382107 | B72: Inguinal hernia | C72: 55881198 | E72: EFEMP1 | F72: rs1346786-C | G72: intron_variant | H72: 0.71 | I72: 1e-41 | J72: 41 | K72: Inguinal hernia
A73: 34382107 | B73: Inguinal hernia | C73: 55884174 | E73: EFEMP1 | F73: rs3791675-C | G73: intron_variant | H73: 0.76 | I73: 3e-45 | J73: 44.522879 | K73: Inguinal hernia
A74: 34382107 | B74: Inguinal hernia | C74: 55885305 | E74: EFEMP1 | F74: rs1367228-C | G74: intron_variant | H74: 0.57 | I74: 3e-32 | J74: 31.522879 | K74: Inguinal hernia
A75: 34382107 | B75: Inguinal hernia | C75: 55890911 | E75: EFEMP1 | F75: rs10865291-G | G75: intron_variant | H75: 0.66 | I75: 6e-26 | J75: 25.221849 | K75: Inguinal hernia
A76: 34382107 | B76: Inguinal hernia | C76: 55891970 | E76: EFEMP1 | F76: rs6761893-A | G76: intron_variant | H76: 0.65 | I76: 1e-26 | J76: 26 | K76: Inguinal hernia
A77: 34382107 | B77: Inguinal hernia | C77: 55892522 | E77: EFEMP1 | F77: rs727878-C | G77: intron_variant | H77: 0.66 | I77: 3e-26 | J77: 25.522879 | K77: Inguinal hernia
A78: 34382107 | B78: Inguinal hernia | C78: 55892832 | E78: EFEMP1 | F78: rs2868431-G | G78: intron_variant | H78: 0.65 | I78: 9e-27 | J78: 26.045757 | K78: Inguinal hernia
A79: 34382107 | B79: Inguinal hernia | C79: 55893102 | E79: EFEMP1 | F79: rs6708689-A | G79: intron_variant | H79: 0.66 | I79: 2e-26 | J79: 25.69897 | K79: Inguinal hernia
A80: 34382107 | B80: Inguinal hernia | C80: 55893718 | E80: EFEMP1 | F80: rs1430193-A | G80: intron_variant | H80: 0.65 | I80: 2e-26 | J80: 25.69897 | K80: Inguinal hernia
A81: 34382107 | B81: Inguinal hernia | C81: 55894185 | E81: EFEMP1 | F81: rs1430194-A | G81: intron_variant | H81: 0.65 | I81: 1e-26 | J81: 26 | K81: Inguinal hernia
... A104: 34382107 | B104: Inguinal hernia | C104: 55923729 | E104: EFEMP1 | F104: rs3762515-T | G104: 5_prime_UTR_variant | H104: 0.09 | I104: 8e-14 | J104: 13.09691 | K104: Inguinal hernia
A105: 34021172 | B105: Waist circumference adjusted for body mass index | C105: 55879793 | D105: EFEMP1 | E105: EFEMP1 | F105: rs59985551-T | G105: intron_variant | H105: NR | I105: 1e-35 | J105: 35 | K105: BMI-adjusted waist circumference
A106: 34021172 | B106: Waist circumference adjusted for body mass index | C106: 55885305 | D106: EFEMP1 | E106: EFEMP1 | F106: rs1367228-A | G106: intron_variant | H106: NR | I106: 4e-12 | J106: 11.39794 | K106: BMI-adjusted waist circumference
A107: 34021172 | B107: Waist circumference adjusted for body mass index | C107: 55868859 | D107: EFEMP1 | E107: EFEMP1 | F107: rs17278665-G | G107: intron_variant | H107: NR | I107: 2e-24 | J107: 23.69897 | K107: BMI-adjusted waist circumference
A108: 34021172 | B108: Waist circumference adjusted for body mass index | C108: 55894434 | D108: EFEMP1 | E108: EFEMP1 | F108: rs779074208-T | G108: intron_variant | H108: NR | I108: 4e-14 | J108: 13.39794 | K108: BMI-adjusted waist circumference
A109: 34021172 | B109: Waist circumference adjusted for body mass index | C109: 55901391 | D109: EFEMP1 | E109: EFEMP1 | F109: rs3791663-A | G109: intron_variant | H109: NR | I109: 2e-09 | J109: 8.69897 | K109: BMI-adjusted waist circumference
A110: 34382107 | B110: Femoral hernia | C110: 55869757 | E110: EFEMP1 | F110: rs3791679-A | G110: intron_variant | H110: 0.7727 | I110: 2e-08 | J110: 7.69897 | K110: femoral hernia
A111: 34382107 | B111: Femoral hernia | C111: 55879793 | E111: EFEMP1 | F111: rs59985551-C | G111: intron_variant | H111: 0.7739 | I111: 2e-08 | J111: 7.69897 | K111: femoral hernia
A112: 34382107 | B112: Femoral hernia | C112: 55881198 | E112: EFEMP1 | F112: rs1346786-C | G112: intron_variant | H112: 0.7085 | I112: 7e-10 | J112: 9.154902 | K112: femoral hernia
A113: 34382107 | B113: Femoral hernia | C113: 55884174 | E113: EFEMP1 | F113: rs3791675-C | G113: intron_variant | H113: 0.7654 | I113: 1e-08 | J113: 8 | K113: femoral hernia
A114: 34021172 | B114: Waist-hip index | C114: 55884174 | D114: EFEMP1 | E114: EFEMP1 | F114: rs3791675-T | G114: intron_variant | H114: NR | I114: 1e-08 | J114: 8 | K114: BMI-adjusted waist-hip ratio
A115: 34021172 | B115: Waist-hip index | C115: 55868859 | D115: EFEMP1 | E115: EFEMP1 | F115: rs17278665-G | G115: intron_variant | H115: NR | I115: 9e-09 | J115: 8.0457575 | K115: BMI-adjusted waist-hip ratio
A116: 34128465 | B116: Lung volume | C116: 55901391 | D116: EFEMP1 | E116: EFEMP1 | F116: rs3791663-? | G116: intron_variant | H116: NR | I116: 1e-08 | J116: 8 | K116: lung volume
A117: 28928442 | B117: Childhood ear infection | C117: 55866069 | D117: EFEMP1 | E117: EFEMP1 | F117: rs1802575-G | G117: 3_prime_UTR_variant | H117: 0.87 | I117: 1e-10 | J117: 10 | K117: susceptibility to childhood ear infection measurement
A118: 28448500 | B118: Waist circumference adjusted for BMI (joint analysis main effects and physical activity interaction) | C118: 55884174 | D118: EFEMP1 | E118: EFEMP1 | F118: rs3791675-? | G118: intron_variant | H118: 0.7555000000000001 | I118: 6e-15 | J118: 14.221849 | K118: BMI-adjusted waist circumference, physical activity measurement
A119: 28448500 | B119: Waist circumference adjusted for body mass index | C119: 55884174 | D119: EFEMP1 | E119: EFEMP1 | F119: rs3791675-C | G119: intron_variant | H119: 0.7531 | I119: 2e-15 | J119: 14.69897 | K119: BMI-adjusted waist circumference
A120: 28448500 | B120: Waist circumference adjusted for BMI in active individuals | C120: 55869757 | D120: EFEMP1 | E120: EFEMP1 | F120: rs3791679-A | G120: intron_variant | H120: 0.7612 | I120: 1e-11 | J120: 11 | K120: BMI-adjusted waist circumference
A121: 28448500 | B121: Waist circumference adjusted for BMI in active individuals | C121: 55869757 | D121: EFEMP1 | E121: EFEMP1 | F121: rs3791679-A | G121: intron_variant | H121: 0.7605 | I121: 1e-12 | J121: 12 | K121: BMI-adjusted waist circumference
A122: 28448500 | B122: Waist circumference adjusted for BMI in active individuals | C122: 55869757 | D122: EFEMP1 | E122: EFEMP1 | F122: rs3791679-A | G122: intron_variant | H122: 0.7608 | I122: 8e-11 | J122: 10.09691 | K122: BMI-adjusted waist circumference
A123: 28448500 | B123: Waist circumference adjusted for BMI in active individuals | C123: 55884174 | D123: EFEMP1 | E123: EFEMP1 | F123: rs3791675-C | G123: intron_variant | H123: 0.7497 | I123: 5e-10 | J123: 9.30103 | K123: BMI-adjusted waist circumference
A124: 28448500 | B124: Waist circumference adjusted for BMI in active individuals | C124: 55869757 | D124: EFEMP1 | E124: EFEMP1 | F124: rs3791679-A | G124: intron_variant | H124: 0.7579 | I124: 2e-11 | J124: 10.69897 | K124: BMI-adjusted waist circumference
A125: 28448500 | B125: Waist circumference adjusted for body mass index | C125: 55869757 | D125: EFEMP1 | E125: EFEMP1 | F125: rs3791679-A | G125: intron_variant | H125: 0.7579 | I125: 2e-14 | J125: 13.69897 | K125: BMI-adjusted waist circumference
... A134: 27182965 | B134: Childhood ear infection | C134: 55866069 | D134: EFEMP1 | E134: EFEMP1 | F134: rs1802575-? | G134: 3_prime_UTR_variant | H134: NR | I134: 2e-10 | J134: 9.69897 | K134: susceptibility to childhood ear infection measurement
A135: 30595370 | B135: Height | C135: 55879793 | E135: EFEMP1 | F135: rs59985551-? | G135: intron_variant | H135: NR | I135: 8e-286 | J135: 285.09691 | K135: body height
A136: 30593698 | B136: Fat-free mass | C136: 55879793 | D136: NR | E136: EFEMP1 | F136: rs59985551-? | G136: intron_variant | H136: NR | I136: 1e-16 | J136: 16 | K136: lean body mass
A137: 30593698 | B137: Fat-free mass | C137: 55879793 | D137: NR | E137: EFEMP1 | F137: rs59985551-? | G137: intron_variant | H137: NR | I137: 1e-14 | J137: 14 | K137: lean body mass
A138: 30578418 | B138: Diastolic blood pressure | C138: 55875609 | D138: EFEMP1 | E138: EFEMP1 | F138: rs11899888-G | G138: intron_variant | H138: 0.6448 | I138: 6e-12 | J138: 11.221849 | K138: diastolic blood pressure
A139: 30593698 | B139: Fat-free mass | C139: 55879793 | D139: NR | E139: EFEMP1 | F139: rs59985551-? | G139: intron_variant | H139: NR | I139: 3e-07 | J139: 6.5228787 | K139: lean body mass
A140: 35841873 | B140: Myopia | C140: 55875609 | E140: EFEMP1 | F140: rs11899888-G | G140: intron_variant | H140: NR | I140: 3e-11 | J140: 10.522879 | K140: Myopia
A141: 33893285 | B141: Hernia abdominopelvic cavity | C141: 55869757 | E141: EFEMP1 | F141: rs3791679-G | G141: intron_variant | H141: 0.237442 | I141: 7e-14 | J141: 13.154902 | K141: Inguinal hernia
A142: 34270706 | B142: Height | C142: 55881747 | D142: EFEMP1 | E142: EFEMP1 | F142: rs3748959-? | G142: splice_polypyrimidine_tract_variant | H142: NR | I142: 2e-10 | J142: 9.69897 | K142: body height
A143: 35505052 | B143: Whole brain free water diffusion (multivariate analysis) | C143: 55900956 | E143: EFEMP1 | F143: rs7596872-? | G143: intron_variant | H143: NR | I143: 2e-30 | J143: 29.69897 | K143: brain measurement
A144: 34594039 | B144: Height | C144: 55869757 | E144: EFEMP1 | F144: rs3791679-G | G144: intron_variant | H144: 0.756046 | I144: 2e-61 | J144: 60.69897 | K144: body height
A145: 37386247 | B145: Primary open angle glaucoma (MTAG) | C145: 55878799 | E145: EFEMP1 | F145: rs17047290-T | G145: intron_variant | H145: NR | I145: 2e-09 | J145: 8.69897 | K145: open-angle glaucoma
A146: 34594039 | B146: Weight | C146: 55869757 | E146: EFEMP1 | F146: rs3791679-G | G146: intron_variant | H146: NR | I146: 1e-22 | J146: 22 | K146: body weight
A147: 35739095 | B147: Pelvic organ prolapse | C147: 55875609 | E147: EFEMP1 | F147: rs11899888-G | G147: intron_variant | H147: 0.11 | I147: 4e-16 | J147: 15.39794 | K147: pelvic organ prolapse
A148: 35739095 | B148: Pelvic organ prolapse | C148: 55884174 | E148: EFEMP1 | F148: rs3791675-T | G148: intron_variant | H148: 0.25 | I148: 1e-13 | J148: 13 | K148: pelvic organ prolapse
A149: 30102696 | B149: Biliary atresia | C149: 55891970 | D149: NR | E149: EFEMP1 | F149: rs6761893-T | G149: intron_variant | H149: 0.34 | I149: 3e-08 | J149: 7.5228787 | K149: biliary atresia
A150: 30177863 | B150: Diverticular disease | C150: 55866069 | D150: EFEMP1 | E150: EFEMP1 | F150: rs1802575-C | G150: 3_prime_UTR_variant | H150: 0.132914713398429 | I150: 8e-16 | J150: 15.09691 | K150: diverticular disease
A151: 33097823 | B151: Appendicular lean mass | C151: 55879793 | D151: EFEMP1 | E151: EFEMP1 | F151: rs59985551-T | G151: intron_variant | H151: 0.2261 | I151: 2e-44 | J151: 43.69897 | K151: appendicular lean mass
A152: 36329257 | B152: Lung function (FVC) | C152: 55884174 | E152: EFEMP1 | F152: rs3791675-? | G152: intron_variant | H152: NR | I152: 1e-15 | J152: 15 | K152: vital capacity
A153: 37069360 | B153: Extensive white matter perivascular space burden | C153: 55900956 | E153: EFEMP1 | F153: rs7596872-C | G153: intron_variant | H153: 0.9 | I153: 1e-10 | J153: 10 | K153: perivascular space measurement
A154: 37069360 | B154: Extensive hippocampal perivascular space burden | C154: 55907964 | E154: EFEMP1 | F154: rs78857879-G | G154: intron_variant | H154: 0.9 | I154: 8e-11 | J154: 10.09691 | K154: perivascular space measurement
A155: 37069360 | B155: Extensive hippocampal perivascular space burden | C155: 55907964 | E155: EFEMP1 | F155: rs78857879-G | G155: intron_variant | H155: 0.9 | I155: 1e-10 | J155: 10 | K155: perivascular space measurement
A156: 36581621 | B156: Body mass index | C156: 55869757 | E156: EFEMP1 | F156: rs3791679-G | G156: intron_variant | H156: NR | I156: 6e-10 | J156: 9.2218487 | K156: body mass index
A157: 30659137 | B157: White matter hyperintensity volume | C157: 55900956 | D157: EFEMP1 | E157: EFEMP1 | F157: rs7596872-A | G157: intron_variant | H157: NR | I157: 3e-12 | J157: 11.522879 | K157: white matter hyperintensity measurement
A158: 30833571 | B158: Carpal tunnel syndrome | C158: 55869757 | D158: EFEMP1 | E158: EFEMP1 | F158: rs3791679-G | G158: intron_variant | H158: 0.225 | I158: 2e-12 | J158: 11.69897 | K158: carpal tunnel syndrome
A159: 36402844 | B159: Body composition (MOSTest) | C159: 55879793 | E159: EFEMP1 | F159: rs59985551-? | G159: intron_variant | H159: NR | I159: 6e-16 | J159: 15.221849 | K159: body composition measurement
A160: 36584111 | B160: Hernia (two or more subtypes) | C160: 55881198 | E160: EFEMP1 | F160: rs1346786-C | G160: intron_variant | H160: 0.71 | I160: 8e-20 | J160: 19.09691 | K160: Hernia
A161: 36584111 | B161: Hernia | C161: 55879793 | E161: EFEMP1 | F161: rs59985551-C | G161: intron_variant | H161: NR | I161: 2e-41 | J161: 40.69897 | K161: Hernia
A162: 36584111 | B162: Inguinal hernia | C162: 55875609 | E162: EFEMP1 | F162: rs11899888-G | G162: intron_variant | H162: 0.16 | I162: 2e-12 | J162: 11.69897 | K162: Inguinal hernia
A163: 36584111 | B163: Inguinal hernia | C163: 55879793 | E163: EFEMP1 | F163: rs59985551-C | G163: intron_variant | H163: 0.78 | I163: 5e-40 | J163: 39.30103 | K163: Inguinal hernia
A164: 36584111 | B164: Hernia (any subtypes) | C164: 55879793 | E164: EFEMP1 | F164: rs59985551-C | G164: intron_variant | H164: 0.78 | I164: 5e-09 | J164: 8.30103 | K164: Hernia
A165: 35022708 | B165: Inguinal hernia | C165: 55869757 | E165: EFEMP1 | F165: rs3791679-G | G165: intron_variant | H165: NR | I165: 3e-87 | J165: 86.522879 | K165: Inguinal hernia
A166: 35022708 | B166: Inguinal hernia | C166: 55875609 | E166: EFEMP1 | F166: rs11899888-G | G166: intron_variant | H166: NR | I166: 7e-39 | J166: 38.154902 | K166: Inguinal hernia
A167: 35022708 | B167: Inguinal hernia | C167: 55869757 | E167: EFEMP1 | F167: rs3791679-G | G167: intron_variant | H167: NR | I167: 3e-72 | J167: 71.522879 | K167: Inguinal hernia
A168: 35022708 | B168: Inguinal hernia | C168: 55869757 | E168: EFEMP1 | F168: rs3791679-G | G168: intron_variant | H168: NR | I168: 2e-17 | J168: 16.69897 | K168: Inguinal hernia
A169: 36502284 | B169: Body surface area | C169: 55879793 | E169: EFEMP1 | F169: rs59985551-? | G169: intron_variant | H169: NR | I169: 9e-52 | J169: 51.045757 | K169: body surface area
A170: 34021172 | B170: A body shape index | C170: 55868859 | D170: EFEMP1 | E170: EFEMP1 | F170: rs17278665-G | G170: intron_variant | H170: NR | I170: 6e-12 | J170: 11.221849 | K170: BMI-adjusted waist circumference
A171: 34021172 | B171: A body shape index | C171: 55884174 | D171: EFEMP1 | E171: EFEMP1 | F171: rs3791675-T | G171: intron_variant | H171: NR | I171: 4e-11 | J171: 10.39794 | K171: BMI-adjusted waist circumference
A172: 34021172 | B172: Hip circumference adjusted for BMI | C172: 55894434 | D172: EFEMP1 | E172: EFEMP1 | F172: rs779074208-T | G172: intron_variant | H172: NR | I172: 1e-29 | J172: 29 | K172: BMI-adjusted hip circumference
A173: 34021172 | B173: Hip circumference adjusted for BMI | C173: 55898949 | D173: EFEMP1 | E173: EFEMP1 | F173: rs3791666-C | G173: intron_variant | H173: NR | I173: 8e-13 | J173: 12.09691 | K173: BMI-adjusted hip circumference
A174: 34021172 | B174: Hip circumference adjusted for BMI | C174: 55901391 | D174: EFEMP1 | E174: EFEMP1 | F174: rs3791663-A | G174: intron_variant | H174: NR | I174: 1e-20 | J174: 20 | K174: BMI-adjusted hip circumference
A175: 34021172 | B175: Hip circumference adjusted for BMI | C175: 55904089 | D175: EFEMP1 | E175: EFEMP1 | F175: rs35387878-G | G175: intron_variant | H175: NR | I175: 6e-09 | J175: 8.2218487 | K175: BMI-adjusted hip circumference
A176: 34021172 | B176: Hip circumference adjusted for BMI | C176: 55907692 | D176: EFEMP1 | E176: EFEMP1 | F176: rs1430197-A | G176: intron_variant | H176: NR | I176: 5e-13 | J176: 12.30103 | K176: BMI-adjusted hip circumference
...

Sheet GTEx INPUT
A1: PUBMEDID | B1: DISEASE/TRAIT | C1: GWAS Position | D1: GWAS Reported Gene(s) | E1: GWAS Mapped Gene | F1: GWAS RS/SNP | G1: GWAS Context | H1: GWAS Risk Allele Freq | I1: GWAS P-value | J1: GWAS Pvalue Mlog" | K1: GWAS Mapped Trait | L1: NCBI Chromosome | M1: NCBI Position | N1: NCBI RS | O1: NCBI Reference Allele | P1: NCBI Alternative Allele | Q1: RS isolated | R1: GWAS SNP Isolated | S1: GTEx Format | T1: Duplicate filtering | U1: Ref=Alt filtering
L2: 2 | M2: 55865969 | N2: rs1429945841 | O2: A | P2: G | Q2: =LEFT(F2, FIND("-", F2) - 1) -> #VALUE! | R2: =MID(F2, FIND("-", F2) + 1, 1) -> #VALUE! | S2: ="ENSG00000115380.19,chr2_" & 'GTEx INPUT'!$M2 & "_" &'GTEx INPUT'!$O2&"_"&'GTEx INPUT'!$R2&"_b38" -> #VALUE! | T2: =IF(COUNTIF($S:$S, S2) = 1, "Unique", IF(COUNTIF($S$2:S2, S2) = 1, "Duplicate representer", "Duplicate")) -> Duplicate representer | U2: =IF(O2 <> R2, "Different", "Same") -> #VALUE!
L3: 2 | M3: 55865980 | N3: rs548260378 | O3: G | P3: A | Q3: =LEFT(F3, FIND("-", F3) - 1) -> #VALUE! | R3: =MID(F3, FIND("-", F3) + 1, 1) -> #VALUE! | S3: ="ENSG00000115380.19,chr2_" & 'GTEx INPUT'!$M3 & "_" &'GTEx INPUT'!$O3&"_"&'GTEx INPUT'!$R3&"_b38" -> #VALUE! | T3: =IF(COUNTIF($S:$S, S3) = 1, "Unique", IF(COUNTIF($S$2:S3, S3) = 1, "Duplicate representer", "Duplicate")) -> Duplicate | U3: =IF(O3 <> R3, "Different", "Same") -> #VALUE!
A4: 32231278 | B4: Refractive error | C4: 55868231 | D4: ASB3, CHAC2, ERLEC1, GPR75, PSME4, ACYP2, SPTBN1, EML6, CCDC88A, CCDC104, SMEK2, PNPT1, EFEMP1 | E4: EFEMP1 | F4: rs9309272-? | G4: intron_variant | H4: NR | I4: 3e-34 | J4: 33.522879 | K4: Abnormality of refraction | L4: 2 | M4: 55868231 | N4: rs9309272 | O4: G | P4: T | Q4: =LEFT(F4, FIND("-", F4) - 1) -> rs9309272 | R4: =MID(F4, FIND("-", F4) + 1, 1) -> ? | S4: ="ENSG00000115380.19,chr2_" & 'GTEx INPUT'!$M4 & "_" &'GTEx INPUT'!$O4&"_"&'GTEx INPUT'!$R4&"_b38" -> ENSG00000115380.19,chr2_55868231_G_?_b38 | T4: =IF(COUNTIF($S:$S, S4) = 1, "Unique", IF(COUNTIF($S$2:S4, S4) = 1, "Duplicate representer", "Duplicate")) -> Duplicate representer | U4: =IF(O4 <> R4, "Different", "Same") -> Different
A5: 31669095 | B5: Waist circumference adjusted for body mass index | C5: 55868231 | D5: NR | E5: EFEMP1 | F5: rs9309272-? | G5: intron_variant | H5: NR | I5: 7e-33 | J5: 32.154902 | K5: BMI-adjusted waist circumference | L5: 2 | M5: 55868231 | N5: rs9309272 | O5: G | P5: T | Q5: =LEFT(F5, FIND("-", F5) - 1) -> rs9309272 | R5: =MID(F5, FIND("-", F5) + 1, 1) -> ? | S5: ="ENSG00000115380.19,chr2_" & 'GTEx INPUT'!$M5 & "_" &'GTEx INPUT'!$O5&"_"&'GTEx INPUT'!$R5&"_b38" -> ENSG00000115380.19,chr2_55868231_G_?_b38 | T5: =IF(COUNTIF($S:$S, S5) = 1, "Unique", IF(COUNTIF($S$2:S5, S5) = 1, "Duplicate representer", "Duplicate")) -> Duplicate | U5: =IF(O5 <> R5, "Different", "Same") -> Different
A6: 34382107 | B6: Inguinal hernia | C6: 55868231 | E6: EFEMP1 | F6: rs9309272-T | G6: intron_variant | H6: 0.13 | I6: 7e-24 | J6: 23.154902 | K6: Inguinal hernia | L6: 2 | M6: 55868231 | N6: rs9309272 | O6: G | P6: T | Q6: =LEFT(F6, FIND("-", F6) - 1) -> rs9309272 | R6: =MID(F6, FIND("-", F6) + 1, 1) -> T | S6: ="ENSG00000115380.19,chr2_" & 'GTEx INPUT'!$M6 & "_" &'GTEx INPUT'!$O6&"_"&'GTEx INPUT'!$R6&"_b38" -> ENSG00000115380.19,chr2_55868231_G_T_b38 | T6: =IF(COUNTIF($S:$S, S6) = 1, "Unique", IF(COUNTIF($S$2:S6, S6) = 1, "Duplicate representer", "Duplicate")) -> Unique | U6: =IF(O6 <> R6, "Different", "Same") -> Different
L7: 2 | M7: 55865985 | N7: rs886056188 | O7: T | P7: G | Q7: =LEFT(F7, FIND("-", F7) - 1) -> #VALUE! | R7: =MID(F7, FIND("-", F7) + 1, 1) -> #VALUE! | S7: ="ENSG00000115380.19,chr2_" & 'GTEx INPUT'!$M7 & "_" &'GTEx INPUT'!$O7&"_"&'GTEx INPUT'!$R7&"_b38" -> #VALUE! | T7: =IF(COUNTIF($S:$S, S7) = 1, "Unique", IF(COUNTIF($S$2:S7, S7) = 1, "Duplicate representer", "Duplicate")) -> Duplicate | U7: =IF(O7 <> R7, "Different", "Same") -> #VALUE!
L8: 2 | M8: 55865988 | N8: rs1197839931 | O8: A | P8: G | Q8: =LEFT(F8, FIND("-", F8) - 1) -> #VALUE! | R8: =MID(F8, FIND("-", F8) + 1, 1) -> #VALUE! | S8: ="ENSG00000115380.19,chr2_" & 'GTEx INPUT'!$M8 & "_" &'GTEx INPUT'!$O8&"_"&'GTEx INPUT'!$R8&"_b38" -> #VALUE! | T8: =IF(COUNTIF($S:$S, S8) = 1, "Unique", IF(COUNTIF($S$2:S8, S8) = 1, "Duplicate representer", "Duplicate")) -> Duplicate | U8: =IF(O8 <> R8, "Different", "Same") -> #VALUE!
L9: 2 | M9: 55865996 | N9: rs568443337 | O9: T | P9: C | Q9: =LEFT(F9, FIND("-", F9) - 1) -> #VALUE! | R9: =MID(F9, FIND("-", F9) + 1, 1) -> #VALUE! | S9: ="ENSG00000115380.19,chr2_" & 'GTEx INPUT'!$M9 & "_" &'GTEx INPUT'!$O9&"_"&'GTEx INPUT'!$R9&"_b38" -> #VALUE! | T9: =IF(COUNTIF($S:$S, S9) = 1, "Unique", IF(COUNTIF($S$2:S9, S9) = 1, "Duplicate representer", "Duplicate")) -> Duplicate | U9: =IF(O9 <> R9, "Different", "Same") -> #VALUE!
L10: 2 | M10: 55866007 | N10: rs1443740513 | O10: A | P10: G,T | Q10: =LEFT(F10, FIND("-", F10) - 1) -> #VALUE! | R10: =MID(F10, FIND("-", F10) + 1, 1) -> #VALUE! | S10: ="ENSG00000115380.19,chr2_" & 'GTEx INPUT'!$M10 & "_" &'GTEx INPUT'!$O10&"_"&'GTEx INPUT'!$R10&"_b38" -> #VALUE! | T10: =IF(COUNTIF($S:$S, S10) = 1, "Unique", IF(COUNTIF($S$2:S10, S10) = 1, "Duplicate representer", "Duplicate")) -> Duplicate | U10: =IF(O10 <> R10, "Different", "Same") -> #VALUE!
L11: 2 | M11: 55866008 | N11: rs147551451 | O11: T | P11: C | Q11: =LEFT(F11, FIND("-", F11) - 1) -> #VALUE! | R11: =MID(F11, FIND("-", F11) + 1, 1) -> #VALUE! | S11: ="ENSG00000115380.19,chr2_" & 'GTEx INPUT'!$M11 & "_" &'GTEx INPUT'!$O11&"_"&'GTEx INPUT'!$R11&"_b38" -> #VALUE! | T11: =IF(COUNTIF($S:$S, S11) = 1, "Unique", IF(COUNTIF($S$2:S11, S11) = 1, "Duplicate representer", "Duplicate")) -> Duplicate | U11: =IF(O11 <> R11, "Different", "Same") -> #VALUE!
L12: 2 | M12: 55866010 | N12: rs112334283 | O12: C | P12: T | Q12: =LEFT(F12, FIND("-", F12) - 1) -> #VALUE! | R12: =MID(F12, FIND("-", F12) + 1, 1) -> #VALUE! | S12: ="ENSG00000115380.19,chr2_" & 'GTEx INPUT'!$M12 & "_" &'GTEx INPUT'!$O12&"_"&'GTEx INPUT'!$R12&"_b38" -> #VALUE! | T12: =IF(COUNTIF($S:$S, S12) = 1, "Unique", IF(COUNTIF($S$2:S12, S12) = 1, "Duplicate representer", "Duplicate")) -> Duplicate | U12: =IF(O12 <> R12, "Different", "Same") -> #VALUE!
L13: 2 | M13: 55866011 | N13: rs142276628 | O13: A | P13: G | Q13: =LEFT(F13, FIND("-", F13) - 1) -> #VALUE! | R13: =MID(F13, FIND("-", F13) + 1, 1) -> #VALUE! | S13: ="ENSG00000115380.19,chr2_" & 'GTEx INPUT'!$M13 & "_" &'GTEx INPUT'!$O13&"_"&'GTEx INPUT'!$R13&"_b38" -> #VALUE! | T13: =IF(COUNTIF($S:$S, S13) = 1, "Unique", IF(COUNTIF($S$2:S13, S13) = 1, "Duplicate representer", "Duplicate")) -> Duplicate | U13: =IF(O13 <> R13, "Different", "Same") -> #VALUE!
L14: 2 | M14: 55866019 | N14: rs1224828836 | O14: A | P14: T | Q14: =LEFT(F14, FIND("-", F14) - 1) -> #VALUE! | R14: =MID(F14, FIND("-", F14) + 1, 1) -> #VALUE! | S14: ="ENSG00000115380.19,chr2_" & 'GTEx INPUT'!$M14 & "_" &'GTEx INPUT'!$O14&"_"&'GTEx INPUT'!$R14&"_b38" -> #VALUE! | T14: =IF(COUNTIF($S:$S, S14) = 1, "Unique", IF(COUNTIF($S$2:S14, S14) = 1, "Duplicate representer", "Duplicate")) -> Duplicate | U14: =IF(O14 <> R14, "Different", "Same") -> #VALUE!
L15: 2 | M15: 55866029 | N15: rs1228344933 | O15: C | P15: T | Q15: =LEFT(F15, FIND("-", F15) - 1) -> #VALUE! | R15: =MID(F15, FIND("-", F15) + 1, 1) -> #VALUE! | S15: ="ENSG00000115380.19,chr2_" & 'GTEx INPUT'!$M15 & "_" &'GTEx INPUT'!$O15&"_"&'GTEx INPUT'!$R15&"_b38" -> #VALUE! | T15: =IF(COUNTIF($S:$S, S15) = 1, "Unique", IF(COUNTIF($S$2:S15, S15) = 1, "Duplicate representer", "Duplicate")) -> Duplicate | U15: =IF(O15 <> R15, "Different", "Same") -> #VALUE!
L16: 2 | M16: 55866034 | N16: rs1284454126 | O16: T | P16: G | Q16: =LEFT(F16, FIND("-", F16) - 1) -> #VALUE! | R16: =MID(F16, FIND("-", F16) + 1, 1) -> #VALUE! | S16: ="ENSG00000115380.19,chr2_" & 'GTEx INPUT'!$M16 & "_" &'GTEx INPUT'!$O16&"_"&'GTEx INPUT'!$R16&"_b38" -> #VALUE! | T16: =IF(COUNTIF($S:$S, S16) = 1, "Unique", IF(COUNTIF($S$2:S16, S16) = 1, "Duplicate representer", "Duplicate")) -> Duplicate | U16: =IF(O16 <> R16, "Different", "Same") -> #VALUE!
L17: 2 | M17: 55866047 | N17: rs540075808 | O17: G | P17: A | Q17: =LEFT(F17, FIND("-", F17) - 1) -> #VALUE! | R17: =MID(F17, FIND("-", F17) + 1, 1) -> #VALUE! | S17: ="ENSG00000115380.19,chr2_" & 'GTEx INPUT'!$M17 & "_" &'GTEx INPUT'!$O17&"_"&'GTEx INPUT'!$R17&"_b38" -> #VALUE! | T17: =IF(COUNTIF($S:$S, S17) = 1, "Unique", IF(COUNTIF($S$2:S17, S17) = 1, "Duplicate representer", "Duplicate")) -> Duplicate | U17: =IF(O17 <> R17, "Different", "Same") -> #VALUE!
L18: 2 | M18: 55866049 | N18: rs1329703235 | O18: A | P18: G | Q18: =LEFT(F18, FIND("-", F18) - 1) -> #VALUE! | R18: =MID(F18, FIND("-", F18) + 1, 1) -> #VALUE! | S18: ="ENSG00000115380.19,chr2_" & 'GTEx INPUT'!$M18 & "_" &'GTEx INPUT'!$O18&"_"&'GTEx INPUT'!$R18&"_b38" -> #VALUE! | T18: =IF(COUNTIF($S:$S, S18) = 1, "Unique", IF(COUNTIF($S$2:S18, S18) = 1, "Duplicate representer", "Duplicate")) -> Duplicate | U18: =IF(O18 <> R18, "Different", "Same") -> #VALUE!
... L20: 2 | M20: 55866064 | N20: rs1392120006 | O20: G | P20: C | Q20: =LEFT(F20, FIND("-", F20) - 1) -> #VALUE! | R20: =MID(F20, FIND("-", F20) + 1, 1) -> #VALUE! | S20: ="ENSG00000115380.19,chr2_" & 'GTEx INPUT'!$M20 & "_" &'GTEx INPUT'!$O20&"_"&'GTEx INPUT'!$R20&"_b38" -> #VALUE! | T20: =IF(COUNTIF($S:$S, S20) = 1, "Unique", IF(COUNTIF($S$2:S20, S20) = 1, "Duplicate representer", "Duplicate")) -> Duplicate | U20: =IF(O20 <> R20, "Different", "Same") -> #VALUE!
A21: 34382107 | B21: Inguinal hernia | C21: 55866069 | E21: EFEMP1 | F21: rs1802575-C | G21: 3_prime_UTR_variant | H21: 0.13 | I21: 3e-24 | J21: 23.522879 | K21: Inguinal hernia | L21: 2 | M21: 55866069 | N21: rs1802575 | O21: G | P21: C | Q21: =LEFT(F21, FIND("-", F21) - 1) -> rs1802575 | R21: =MID(F21, FIND("-", F21) + 1, 1) -> C | S21: ="ENSG00000115380.19,chr2_" & 'GTEx INPUT'!$M21 & "_" &'GTEx INPUT'!$O21&"_"&'GTEx INPUT'!$R21&"_b38" -> ENSG00000115380.19,chr2_55866069_G_C_b38 | T21: =IF(COUNTIF($S:$S, S21) = 1, "Unique", IF(COUNTIF($S$2:S21, S21) = 1, "Duplicate representer", "Duplicate")) -> Duplicate representer | U21: =IF(O21 <> R21, "Different", "Same") -> Different
A22: 28928442 | B22: Childhood ear infection | C22: 55866069 | D22: EFEMP1 | E22: EFEMP1 | F22: rs1802575-G | G22: 3_prime_UTR_variant | H22: 0.87 | I22: 1e-10 | J22: 10 | K22: susceptibility to childhood ear infection measurement | L22: 2 | M22: 55866069 | N22: rs1802575 | O22: G | P22: C | Q22: =LEFT(F22, FIND("-", F22) - 1) -> rs1802575 | R22: =MID(F22, FIND("-", F22) + 1, 1) -> G | S22: ="ENSG00000115380.19,chr2_" & 'GTEx INPUT'!$M22 & "_" &'GTEx INPUT'!$O22&"_"&'GTEx INPUT'!$R22&"_b38" -> ENSG00000115380.19,chr2_55866069_G_G_b38 | T22: =IF(COUNTIF($S:$S, S22) = 1, "Unique", IF(COUNTIF($S$2:S22, S22) = 1, "Duplicate representer", "Duplicate")) -> Unique | U22: =IF(O22 <> R22, "Different", "Same") -> Same
A23: 27182965 | B23: Childhood ear infection | C23: 55866069 | D23: EFEMP1 | E23: EFEMP1 | F23: rs1802575-? | G23: 3_prime_UTR_variant | H23: NR | I23: 2e-10 | J23: 9.69897 | K23: susceptibility to childhood ear infection measurement | L23: 2 | M23: 55866069 | N23: rs1802575 | O23: G | P23: C | Q23: =LEFT(F23, FIND("-", F23) - 1) -> rs1802575 | R23: =MID(F23, FIND("-", F23) + 1, 1) -> ? | S23: ="ENSG00000115380.19,chr2_" & 'GTEx INPUT'!$M23 & "_" &'GTEx INPUT'!$O23&"_"&'GTEx INPUT'!$R23&"_b38" -> ENSG00000115380.19,chr2_55866069_G_?_b38 | T23: =IF(COUNTIF($S:$S, S23) = 1, "Unique", IF(COUNTIF($S$2:S23, S23) = 1, "Duplicate representer", "Duplicate")) -> Duplicate | U23: =IF(O23 <> R23, "Different", "Same") -> Different
A24: 30177863 | B24: Diverticular disease | C24: 55866069 | D24: EFEMP1 | E24: EFEMP1 | F24: rs1802575-C | G24: 3_prime_UTR_variant | H24: 0.132914713398429 | I24: 8e-16 | J24: 15.09691 | K24: diverticular disease | L24: 2 | M24: 55866069 | N24: rs1802575 | O24: G | P24: C | Q24: =LEFT(F24, FIND("-", F24) - 1) -> rs1802575 | R24: =MID(F24, FIND("-", F24) + 1, 1) -> C | S24: ="ENSG00000115380.19,chr2_" & 'GTEx INPUT'!$M24 & "_" &'GTEx INPUT'!$O24&"_"&'GTEx INPUT'!$R24&"_b38" -> ENSG00000115380.19,chr2_55866069_G_C_b38 | T24: =IF(COUNTIF($S:$S, S24) = 1, "Unique", IF(COUNTIF($S$2:S24, S24) = 1, "Duplicate representer", "Duplicate")) -> Duplicate | U24: =IF(O24 <> R24, "Different", "Same") -> Different
A25: 34021172 | B25: Waist circumference adjusted for body mass index | C25: 55866069 | D25: EFEMP1 | E25: EFEMP1 | F25: rs1802575-C | G25: 3_prime_UTR_variant | H25: NR | I25: 4e-08 | J25: 7.39794 | K25: BMI-adjusted waist circumference | L25: 2 | M25: 55866069 | N25: rs1802575 | O25: G | P25: C | Q25: =LEFT(F25, FIND("-", F25) - 1) -> rs1802575 | R25: =MID(F25, FIND("-", F25) + 1, 1) -> C | S25: ="ENSG00000115380.19,chr2_" & 'GTEx INPUT'!$M25 & "_" &'GTEx INPUT'!$O25&"_"&'GTEx INPUT'!$R25&"_b38" -> ENSG00000115380.19,chr2_55866069_G_C_b38 | T25: =IF(COUNTIF($S:$S, S25) = 1, "Unique", IF(COUNTIF($S$2:S25, S25) = 1, "Duplicate representer", "Duplicate")) -> Duplicate | U25: =IF(O25 <> R25, "Different", "Same") -> Different
A26: 38689001 | B26: Diastolic blood pressure | C26: 55866069 | E26: EFEMP1 | F26: rs1802575-C | G26: 3_prime_UTR_variant | H26: NR | I26: 5e-10 | J26: 9.30103 | K26: diastolic blood pressure | L26: 2 | M26: 55866069 | N26: rs1802575 | O26: G | P26: C | Q26: =LEFT(F26, FIND("-", F26) - 1) -> rs1802575 | R26: =MID(F26, FIND("-", F26) + 1, 1) -> C | S26: ="ENSG00000115380.19,chr2_" & 'GTEx INPUT'!$M26 & "_" &'GTEx INPUT'!$O26&"_"&'GTEx INPUT'!$R26&"_b38" -> ENSG00000115380.19,chr2_55866069_G_C_b38 | T26: =IF(COUNTIF($S:$S, S26) = 1, "Unique", IF(COUNTIF($S$2:S26, S26) = 1, "Duplicate representer", "Duplicate")) -> Duplicate | U26: =IF(O26 <> R26, "Different", "Same") -> Different
A27: 38689001 | B27: Pulse pressure | C27: 55866069 | E27: EFEMP1 | F27: rs1802575-C | G27: 3_prime_UTR_variant | H27: NR | I27: 6e-20 | J27: 19.221849 | K27: pulse pressure measurement | L27: 2 | M27: 55866069 | N27: rs1802575 | O27: G | P27: C | Q27: =LEFT(F27, FIND("-", F27) - 1) -> rs1802575 | R27: =MID(F27, FIND("-", F27) + 1, 1) -> C | S27: ="ENSG00000115380.19,chr2_" & 'GTEx INPUT'!$M27 & "_" &'GTEx INPUT'!$O27&"_"&'GTEx INPUT'!$R27&"_b38" -> ENSG00000115380.19,chr2_55866069_G_C_b38 | T27: =IF(COUNTIF($S:$S, S27) = 1, "Unique", IF(COUNTIF($S$2:S27, S27) = 1, "Duplicate representer", "Duplicate")) -> Duplicate | U27: =IF(O27 <> R27, "Different", "Same") -> Different
L28: 2 | M28: 55866074 | N28: rs1329350164 | O28: G | P28: C | Q28: =LEFT(F28, FIND("-", F28) - 1) -> #VALUE! | R28: =MID(F28, FIND("-", F28) + 1, 1) -> #VALUE! | S28: ="ENSG00000115380.19,chr2_" & 'GTEx INPUT'!$M28 & "_" &'GTEx INPUT'!$O28&"_"&'GTEx INPUT'!$R28&"_b38" -> #VALUE! | T28: =IF(COUNTIF($S:$S, S28) = 1, "Unique", IF(COUNTIF($S$2:S28, S28) = 1, "Duplicate representer", "Duplicate")) -> Duplicate | U28: =IF(O28 <> R28, "Different", "Same") -> #VALUE!
L29: 2 | M29: 55866075 | N29: rs955535015 | O29: G | P29: A | Q29: =LEFT(F29, FIND("-", F29) - 1) -> #VALUE! | R29: =MID(F29, FIND("-", F29) + 1, 1) -> #VALUE! | S29: ="ENSG00000115380.19,chr2_" & 'GTEx INPUT'!$M29 & "_" &'GTEx INPUT'!$O29&"_"&'GTEx INPUT'!$R29&"_b38" -> #VALUE! | T29: =IF(COUNTIF($S:$S, S29) = 1, "Unique", IF(COUNTIF($S$2:S29, S29) = 1, "Duplicate representer", "Duplicate")) -> Duplicate | U29: =IF(O29 <> R29, "Different", "Same") -> #VALUE!
L30: 2 | M30: 55866077 | N30: rs1278182683 | O30: G | P30: A | Q30: =LEFT(F30, FIND("-", F30) - 1) -> #VALUE! | R30: =MID(F30, FIND("-", F30) + 1, 1) -> #VALUE! | S30: ="ENSG00000115380.19,chr2_" & 'GTEx INPUT'!$M30 & "_" &'GTEx INPUT'!$O30&"_"&'GTEx INPUT'!$R30&"_b38" -> #VALUE! | T30: =IF(COUNTIF($S:$S, S30) = 1, "Unique", IF(COUNTIF($S$2:S30, S30) = 1, "Duplicate representer", "Duplicate")) -> Duplicate | U30: =IF(O30 <> R30, "Different", "Same") -> #VALUE!
L31: 2 | M31: 55866079 | N31: rs986958143 | O31: G | P31: A | Q31: =LEFT(F31, FIND("-", F31) - 1) -> #VALUE! | R31: =MID(F31, FIND("-", F31) + 1, 1) -> #VALUE! | S31: ="ENSG00000115380.19,chr2_" & 'GTEx INPUT'!$M31 & "_" &'GTEx INPUT'!$O31&"_"&'GTEx INPUT'!$R31&"_b38" -> #VALUE! | T31: =IF(COUNTIF($S:$S, S31) = 1, "Unique", IF(COUNTIF($S$2:S31, S31) = 1, "Duplicate representer", "Duplicate")) -> Duplicate | U31: =IF(O31 <> R31, "Different", "Same") -> #VALUE!
L32: 2 | M32: 55866080 | N32: rs185614902 | O32: T | P32: G | Q32: =LEFT(F32, FIND("-", F32) - 1) -> #VALUE! | R32: =MID(F32, FIND("-", F32) + 1, 1) -> #VALUE! | S32: ="ENSG00000115380.19,chr2_" & 'GTEx INPUT'!$M32 & "_" &'GTEx INPUT'!$O32&"_"&'GTEx INPUT'!$R32&"_b38" -> #VALUE! | T32: =IF(COUNTIF($S:$S, S32) = 1, "Unique", IF(COUNTIF($S$2:S32, S32) = 1, "Duplicate representer", "Duplicate")) -> Duplicate | U32: =IF(O32 <> R32, "Different", "Same") -> #VALUE!
L33: 2 | M33: 55866081 | N33: rs1477039941 | O33: A | P33: C | Q33: =LEFT(F33, FIND("-", F33) - 1) -> #VALUE! | R33: =MID(F33, FIND("-", F33) + 1, 1) -> #VALUE! | S33: ="ENSG00000115380.19,chr2_" & 'GTEx INPUT'!$M33 & "_" &'GTEx INPUT'!$O33&"_"&'GTEx INPUT'!$R33&"_b38" -> #VALUE! | T33: =IF(COUNTIF($S:$S, S33) = 1, "Unique", IF(COUNTIF($S$2:S33, S33) = 1, "Duplicate representer", "Duplicate")) -> Duplicate | U33: =IF(O33 <> R33, "Different", "Same") -> #VALUE!
L34: 2 | M34: 55866087 | N34: rs1365314951 | O34: C | P34: T | Q34: =LEFT(F34, FIND("-", F34) - 1) -> #VALUE! | R34: =MID(F34, FIND("-", F34) + 1, 1) -> #VALUE! | S34: ="ENSG00000115380.19,chr2_" & 'GTEx INPUT'!$M34 & "_" &'GTEx INPUT'!$O34&"_"&'GTEx INPUT'!$R34&"_b38" -> #VALUE! | T34: =IF(COUNTIF($S:$S, S34) = 1, "Unique", IF(COUNTIF($S$2:S34, S34) = 1, "Duplicate representer", "Duplicate")) -> Duplicate | U34: =IF(O34 <> R34, "Different", "Same") -> #VALUE!
L35: 2 | M35: 55866103 | N35: rs1184004413 | O35: C | P35: T | Q35: =LEFT(F35, FIND("-", F35) - 1) -> #VALUE! | R35: =MID(F35, FIND("-", F35) + 1, 1) -> #VALUE! | S35: ="ENSG00000115380.19,chr2_" & 'GTEx INPUT'!$M35 & "_" &'GTEx INPUT'!$O35&"_"&'GTEx INPUT'!$R35&"_b38" -> #VALUE! | T35: =IF(COUNTIF($S:$S, S35) = 1, "Unique", IF(COUNTIF($S$2:S35, S35) = 1, "Duplicate representer", "Duplicate")) -> Duplicate | U35: =IF(O35 <> R35, "Different", "Same") -> #VALUE!
L36: 2 | M36: 55866105 | N36: rs1438627009 | O36: C | P36: G | Q36: =LEFT(F36, FIND("-", F36) - 1) -> #VALUE! | R36: =MID(F36, FIND("-", F36) + 1, 1) -> #VALUE! | S36: ="ENSG00000115380.19,chr2_" & 'GTEx INPUT'!$M36 & "_" &'GTEx INPUT'!$O36&"_"&'GTEx INPUT'!$R36&"_b38" -> #VALUE! | T36: =IF(COUNTIF($S:$S, S36) = 1, "Unique", IF(COUNTIF($S$2:S36, S36) = 1, "Duplicate representer", "Duplicate")) -> Duplicate | U36: =IF(O36 <> R36, "Different", "Same") -> #VALUE!
L37: 2 | M37: 55866108 | N37: rs1235998805 | O37: G | P37: C | Q37: =LEFT(F37, FIND("-", F37) - 1) -> #VALUE! | R37: =MID(F37, FIND("-", F37) + 1, 1) -> #VALUE! | S37: ="ENSG00000115380.19,chr2_" & 'GTEx INPUT'!$M37 & "_" &'GTEx INPUT'!$O37&"_"&'GTEx INPUT'!$R37&"_b38" -> #VALUE! | T37: =IF(COUNTIF($S:$S, S37) = 1, "Unique", IF(COUNTIF($S$2:S37, S37) = 1, "Duplicate representer", "Duplicate")) -> Duplicate | U37: =IF(O37 <> R37, "Different", "Same") -> #VALUE!
L38: 2 | M38: 55866110 | N38: rs190519603 | O38: T | P38: C | Q38: =LEFT(F38, FIND("-", F38) - 1) -> #VALUE! | R38: =MID(F38, FIND("-", F38) + 1, 1) -> #VALUE! | S38: ="ENSG00000115380.19,chr2_" & 'GTEx INPUT'!$M38 & "_" &'GTEx INPUT'!$O38&"_"&'GTEx INPUT'!$R38&"_b38" -> #VALUE! | T38: =IF(COUNTIF($S:$S, S38) = 1, "Unique", IF(COUNTIF($S$2:S38, S38) = 1, "Duplicate representer", "Duplicate")) -> Duplicate | U38: =IF(O38 <> R38, "Different", "Same") -> #VALUE!
L39: 2 | M39: 55866111 | N39: rs77386452 | O39: G | P39: T | Q39: =LEFT(F39, FIND("-", F39) - 1) -> #VALUE! | R39: =MID(F39, FIND("-", F39) + 1, 1) -> #VALUE! | S39: ="ENSG00000115380.19,chr2_" & 'GTEx INPUT'!$M39 & "_" &'GTEx INPUT'!$O39&"_"&'GTEx INPUT'!$R39&"_b38" -> #VALUE! | T39: =IF(COUNTIF($S:$S, S39) = 1, "Unique", IF(COUNTIF($S$2:S39, S39) = 1, "Duplicate representer", "Duplicate")) -> Duplicate | U39: =IF(O39 <> R39, "Different", "Same") -> #VALUE!
... L55: 2 | M55: 55866198 | N55: rs941993096 | O55: T | P55: C | Q55: =LEFT(F55, FIND("-", F55) - 1) -> #VALUE! | R55: =MID(F55, FIND("-", F55) + 1, 1) -> #VALUE! | S55: ="ENSG00000115380.19,chr2_" & 'GTEx INPUT'!$M55 & "_" &'GTEx INPUT'!$O55&"_"&'GTEx INPUT'!$R55&"_b38" -> #VALUE! | T55: =IF(COUNTIF($S:$S, S55) = 1, "Unique", IF(COUNTIF($S$2:S55, S55) = 1, "Duplicate representer", "Duplicate")) -> Duplicate | U55: =IF(O55 <> R55, "Different", "Same") -> #VALUE!
A56: 29235454 | B56: Intraocular pressure | C56: 55867875 | D56: EFEMP1 | E56: EFEMP1 | F56: rs7426380-? | G56: intron_variant | H56: NR | I56: 2e-13 | J56: 12.69897 | K56: intraocular pressure measurement | L56: 2 | M56: 55867875 | N56: rs7426380 | O56: A | P56: G | Q56: =LEFT(F56, FIND("-", F56) - 1) -> rs7426380 | R56: =MID(F56, FIND("-", F56) + 1, 1) -> ? | S56: ="ENSG00000115380.19,chr2_" & 'GTEx INPUT'!$M56 & "_" &'GTEx INPUT'!$O56&"_"&'GTEx INPUT'!$R56&"_b38" -> ENSG00000115380.19,chr2_55867875_A_?_b38 | T56: =IF(COUNTIF($S:$S, S56) = 1, "Unique", IF(COUNTIF($S$2:S56, S56) = 1, "Duplicate representer", "Duplicate")) -> Duplicate representer | U56: =IF(O56 <> R56, "Different", "Same") -> Different
A57: 34382107 | B57: Inguinal hernia | C57: 55867875 | E57: EFEMP1 | F57: rs7426380-A | G57: intron_variant | H57: 0.55 | I57: 2e-28 | J57: 27.69897 | K57: Inguinal hernia | L57: 2 | M57: 55867875 | N57: rs7426380 | O57: A | P57: G | Q57: =LEFT(F57, FIND("-", F57) - 1) -> rs7426380 | R57: =MID(F57, FIND("-", F57) + 1, 1) -> A | S57: ="ENSG00000115380.19,chr2_" & 'GTEx INPUT'!$M57 & "_" &'GTEx INPUT'!$O57&"_"&'GTEx INPUT'!$R57&"_b38" -> ENSG00000115380.19,chr2_55867875_A_A_b38 | T57: =IF(COUNTIF($S:$S, S57) = 1, "Unique", IF(COUNTIF($S$2:S57, S57) = 1, "Duplicate representer", "Duplicate")) -> Duplicate representer | U57: =IF(O57 <> R57, "Different", "Same") -> Same
A58: 36914875 | B58: Lung function (FEV1/FVC) | C58: 55867875 | E58: EFEMP1 | F58: rs7426380-A | G58: intron_variant | H58: 0.475 | I58: 2e-24 | J58: 23.69897 | K58: FEV/FVC ratio | L58: 2 | M58: 55867875 | N58: rs7426380 | O58: A | P58: G | Q58: =LEFT(F58, FIND("-", F58) - 1) -> rs7426380 | R58: =MID(F58, FIND("-", F58) + 1, 1) -> A | S58: ="ENSG00000115380.19,chr2_" & 'GTEx INPUT'!$M58 & "_" &'GTEx INPUT'!$O58&"_"&'GTEx INPUT'!$R58&"_b38" -> ENSG00000115380.19,chr2_55867875_A_A_b38 | T58: =IF(COUNTIF($S:$S, S58) = 1, "Unique", IF(COUNTIF($S$2:S58, S58) = 1, "Duplicate representer", "Duplicate")) -> Duplicate | U58: =IF(O58 <> R58, "Different", "Same") -> Same
L59: 2 | M59: 55866216 | N59: rs1405078667 | O59: T | P59: A | Q59: =LEFT(F59, FIND("-", F59) - 1) -> #VALUE! | R59: =MID(F59, FIND("-", F59) + 1, 1) -> #VALUE! | S59: ="ENSG00000115380.19,chr2_" & 'GTEx INPUT'!$M59 & "_" &'GTEx INPUT'!$O59&"_"&'GTEx INPUT'!$R59&"_b38" -> #VALUE! | T59: =IF(COUNTIF($S:$S, S59) = 1, "Unique", IF(COUNTIF($S$2:S59, S59) = 1, "Duplicate representer", "Duplicate")) -> Duplicate | U59: =IF(O59 <> R59, "Different", "Same") -> #VALUE!
L60: 2 | M60: 55866218 | N60: rs1412630398 | O60: G | P60: C | Q60: =LEFT(F60, FIND("-", F60) - 1) -> #VALUE! | R60: =MID(F60, FIND("-", F60) + 1, 1) -> #VALUE! | S60: ="ENSG00000115380.19,chr2_" & 'GTEx INPUT'!$M60 & "_" &'GTEx INPUT'!$O60&"_"&'GTEx INPUT'!$R60&"_b38" -> #VALUE! | T60: =IF(COUNTIF($S:$S, S60) = 1, "Unique", IF(COUNTIF($S$2:S60, S60) = 1, "Duplicate representer", "Duplicate")) -> Duplicate | U60: =IF(O60 <> R60, "Different", "Same") -> #VALUE!
L61: 2 | M61: 55866227 | N61: rs1387058895 | O61: A | P61: G | Q61: =LEFT(F61, FIND("-", F61) - 1) -> #VALUE! | R61: =MID(F61, FIND("-", F61) + 1, 1) -> #VALUE! | S61: ="ENSG00000115380.19,chr2_" & 'GTEx INPUT'!$M61 & "_" &'GTEx INPUT'!$O61&"_"&'GTEx INPUT'!$R61&"_b38" -> #VALUE! | T61: =IF(COUNTIF($S:$S, S61) = 1, "Unique", IF(COUNTIF($S$2:S61, S61) = 1, "Duplicate representer", "Duplicate")) -> Duplicate | U61: =IF(O61 <> R61, "Different", "Same") -> #VALUE!
L62: 2 | M62: 55866233 | N62: rs1158893568 | O62: C | P62: G | Q62: =LEFT(F62, FIND("-", F62) - 1) -> #VALUE! | R62: =MID(F62, FIND("-", F62) + 1, 1) -> #VALUE! | S62: ="ENSG00000115380.19,chr2_" & 'GTEx INPUT'!$M62 & "_" &'GTEx INPUT'!$O62&"_"&'GTEx INPUT'!$R62&"_b38" -> #VALUE! | T62: =IF(COUNTIF($S:$S, S62) = 1, "Unique", IF(COUNTIF($S$2:S62, S62) = 1, "Duplicate representer", "Duplicate")) -> Duplicate | U62: =IF(O62 <> R62, "Different", "Same") -> #VALUE!
L63: 2 | M63: 55866235 | N63: rs1009749259 | O63: A | P63: G | Q63: =LEFT(F63, FIND("-", F63) - 1) -> #VALUE! | R63: =MID(F63, FIND("-", F63) + 1, 1) -> #VALUE! | S63: ="ENSG00000115380.19,chr2_" & 'GTEx INPUT'!$M63 & "_" &'GTEx INPUT'!$O63&"_"&'GTEx INPUT'!$R63&"_b38" -> #VALUE! | T63: =IF(COUNTIF($S:$S, S63) = 1, "Unique", IF(COUNTIF($S$2:S63, S63) = 1, "Duplicate representer", "Duplicate")) -> Duplicate | U63: =IF(O63 <> R63, "Different", "Same") -> #VALUE!
L64: 2 | M64: 55866243 | N64: rs1284467707 | O64: A | P64: G | Q64: =LEFT(F64, FIND("-", F64) - 1) -> #VALUE! | R64: =MID(F64, FIND("-", F64) + 1, 1) -> #VALUE! | S64: ="ENSG00000115380.19,chr2_" & 'GTEx INPUT'!$M64 & "_" &'GTEx INPUT'!$O64&"_"&'GTEx INPUT'!$R64&"_b38" -> #VALUE! | T64: =IF(COUNTIF($S:$S, S64) = 1, "Unique", IF(COUNTIF($S$2:S64, S64) = 1, "Duplicate representer", "Duplicate")) -> Duplicate | U64: =IF(O64 <> R64, "Different", "Same") -> #VALUE!
L65: 2 | M65: 55866255 | N65: rs1348006486 | O65: T | P65: C | Q65: =LEFT(F65, FIND("-", F65) - 1) -> #VALUE! | R65: =MID(F65, FIND("-", F65) + 1, 1) -> #VALUE! | S65: ="ENSG00000115380.19,chr2_" & 'GTEx INPUT'!$M65 & "_" &'GTEx INPUT'!$O65&"_"&'GTEx INPUT'!$R65&"_b38" -> #VALUE! | T65: =IF(COUNTIF($S:$S, S65) = 1, "Unique", IF(COUNTIF($S$2:S65, S65) = 1, "Duplicate representer", "Duplicate")) -> Duplicate | U65: =IF(O65 <> R65, "Different", "Same") -> #VALUE!
L66: 2 | M66: 55866263 | N66: rs1185041071 | O66: T | P66: C | Q66: =LEFT(F66, FIND("-", F66) - 1) -> #VALUE! | R66: =MID(F66, FIND("-", F66) + 1, 1) -> #VALUE! | S66: ="ENSG00000115380.19,chr2_" & 'GTEx INPUT'!$M66 & "_" &'GTEx INPUT'!$O66&"_"&'GTEx INPUT'!$R66&"_b38" -> #VALUE! | T66: =IF(COUNTIF($S:$S, S66) = 1, "Unique", IF(COUNTIF($S$2:S66, S66) = 1, "Duplicate representer", "Duplicate")) -> Duplicate | U66: =IF(O66 <> R66, "Different", "Same") -> #VALUE!
L67: 2 | M67: 55866270 | N67: rs112572819 | O67: T | P67: G | Q67: =LEFT(F67, FIND("-", F67) - 1) -> #VALUE! | R67: =MID(F67, FIND("-", F67) + 1, 1) -> #VALUE! | S67: ="ENSG00000115380.19,chr2_" & 'GTEx INPUT'!$M67 & "_" &'GTEx INPUT'!$O67&"_"&'GTEx INPUT'!$R67&"_b38" -> #VALUE! | T67: =IF(COUNTIF($S:$S, S67) = 1, "Unique", IF(COUNTIF($S$2:S67, S67) = 1, "Duplicate representer", "Duplicate")) -> Duplicate | U67: =IF(O67 <> R67, "Different", "Same") -> #VALUE!
L68: 2 | M68: 55866273 | N68: rs146101049 | O68: G | P68: A | Q68: =LEFT(F68, FIND("-", F68) - 1) -> #VALUE! | R68: =MID(F68, FIND("-", F68) + 1, 1) -> #VALUE! | S68: ="ENSG00000115380.19,chr2_" & 'GTEx INPUT'!$M68 & "_" &'GTEx INPUT'!$O68&"_"&'GTEx INPUT'!$R68&"_b38" -> #VALUE! | T68: =IF(COUNTIF($S:$S, S68) = 1, "Unique", IF(COUNTIF($S$2:S68, S68) = 1, "Duplicate representer", "Duplicate")) -> Duplicate | U68: =IF(O68 <> R68, "Different", "Same") -> #VALUE!
L69: 2 | M69: 55866275 | N69: rs978829493 | O69: A | P69: C,G | Q69: =LEFT(F69, FIND("-", F69) - 1) -> #VALUE! | R69: =MID(F69, FIND("-", F69) + 1, 1) -> #VALUE! | S69: ="ENSG00000115380.19,chr2_" & 'GTEx INPUT'!$M69 & "_" &'GTEx INPUT'!$O69&"_"&'GTEx INPUT'!$R69&"_b38" -> #VALUE! | T69: =IF(COUNTIF($S:$S, S69) = 1, "Unique", IF(COUNTIF($S$2:S69, S69) = 1, "Duplicate representer", "Duplicate")) -> Duplicate | U69: =IF(O69 <> R69, "Different", "Same") -> #VALUE!
L70: 2 | M70: 55866288 | N70: rs1441149033 | O70: A | P70: C,G | Q70: =LEFT(F70, FIND("-", F70) - 1) -> #VALUE! | R70: =MID(F70, FIND("-", F70) + 1, 1) -> #VALUE! | S70: ="ENSG00000115380.19,chr2_" & 'GTEx INPUT'!$M70 & "_" &'GTEx INPUT'!$O70&"_"&'GTEx INPUT'!$R70&"_b38" -> #VALUE! | T70: =IF(COUNTIF($S:$S, S70) = 1, "Unique", IF(COUNTIF($S$2:S70, S70) = 1, "Duplicate representer", "Duplicate")) -> Duplicate | U70: =IF(O70 <> R70, "Different", "Same") -> #VALUE!
... L106: 2 | M106: 55866475 | N106: rs756425823 | O106: A | P106: C | Q106: =LEFT(F106, FIND("-", F106) - 1) -> #VALUE! | R106: =MID(F106, FIND("-", F106) + 1, 1) -> #VALUE! | S106: ="ENSG00000115380.19,chr2_" & 'GTEx INPUT'!$M106 & "_" &'GTEx INPUT'!$O106&"_"&'GTEx INPUT'!$R106&"_b38" -> #VALUE! | T106: =IF(COUNTIF($S:$S, S106) = 1, "Unique", IF(COUNTIF($S$2:S106, S106) = 1, "Duplicate representer", "Duplicate")) -> Duplicate | U106: =IF(O106 <> R106, "Different", "Same") -> #VALUE!
A107: 34382107 | B107: Inguinal hernia | C107: 55867969 | E107: EFEMP1 | F107: rs11125608-T | G107: intron_variant | H107: 0.61 | I107: 9e-28 | J107: 27.045757 | K107: Inguinal hernia | L107: 2 | M107: 55867969 | N107: rs11125608 | O107: T | P107: G | Q107: =LEFT(F107, FIND("-", F107) - 1) -> rs11125608 | R107: =MID(F107, FIND("-", F107) + 1, 1) -> T | S107: ="ENSG00000115380.19,chr2_" & 'GTEx INPUT'!$M107 & "_" &'GTEx INPUT'!$O107&"_"&'GTEx INPUT'!$R107&"_b38" -> ENSG00000115380.19,chr2_55867969_T_T_b38 | T107: =IF(COUNTIF($S:$S, S107) = 1, "Unique", IF(COUNTIF($S$2:S107, S107) = 1, "Duplicate representer", "Duplicate")) -> Unique | U107: =IF(O107 <> R107, "Different", "Same") -> Same
A108: 34021172 | B108: Hip circumference adjusted for BMI | C108: 55867969 | D108: EFEMP1 | E108: EFEMP1 | F108: rs11125608-G | G108: intron_variant | H108: NR | I108: 6e-13 | J108: 12.221849 | K108: BMI-adjusted hip circumference | L108: 2 | M108: 55867969 | N108: rs11125608 | O108: T | P108: G | Q108: =LEFT(F108, FIND("-", F108) - 1) -> rs11125608 | R108: =MID(F108, FIND("-", F108) + 1, 1) -> G | S108: ="ENSG00000115380.19,chr2_" & 'GTEx INPUT'!$M108 & "_" &'GTEx INPUT'!$O108&"_"&'GTEx INPUT'!$R108&"_b38" -> ENSG00000115380.19,chr2_55867969_T_G_b38 | T108: =IF(COUNTIF($S:$S, S108) = 1, "Unique", IF(COUNTIF($S$2:S108, S108) = 1, "Duplicate representer", "Duplicate")) -> Unique | U108: =IF(O108 <> R108, "Different", "Same") -> Different
A109: 37277458 | B109: Multi-trait sex score | C109: 55867969 | E109: EFEMP1 | F109: rs11125608-? | G109: intron_variant | H109: NR | I109: 1e-08 | J109: 8 | K109: sexual dimorphism measurement | L109: 2 | M109: 55867969 | N109: rs11125608 | O109: T | P109: G | Q109: =LEFT(F109, FIND("-", F109) - 1) -> rs11125608 | R109: =MID(F109, FIND("-", F109) + 1, 1) -> ? | S109: ="ENSG00000115380.19,chr2_" & 'GTEx INPUT'!$M109 & "_" &'GTEx INPUT'!$O109&"_"&'GTEx INPUT'!$R109&"_b38" -> ENSG00000115380.19,chr2_55867969_T_?_b38 | T109: =IF(COUNTIF($S:$S, S109) = 1, "Unique", IF(COUNTIF($S$2:S109, S109) = 1, "Duplicate representer", "Duplicate")) -> Duplicate | U109: =IF(O109 <> R109, "Different", "Same") -> Different
A110: 37277458 | B110: Multi-trait sex score | C110: 55867969 | E110: EFEMP1 | F110: rs11125608-? | G110: intron_variant | H110: NR | I110: 3e-09 | J110: 8.5228787 | K110: sexual dimorphism measurement | L110: 2 | M110: 55867969 | N110: rs11125608 | O110: T | P110: G | Q110: =LEFT(F110, FIND("-", F110) - 1) -> rs11125608 | R110: =MID(F110, FIND("-", F110) + 1, 1) -> ? | S110: ="ENSG00000115380.19,chr2_" & 'GTEx INPUT'!$M110 & "_" &'GTEx INPUT'!$O110&"_"&'GTEx INPUT'!$R110&"_b38" -> ENSG00000115380.19,chr2_55867969_T_?_b38 | T110: =IF(COUNTIF($S:$S, S110) = 1, "Unique", IF(COUNTIF($S$2:S110, S110) = 1, "Duplicate representer", "Duplicate")) -> Duplicate | U110: =IF(O110 <> R110, "Different", "Same") -> Different
L111: 2 | M111: 55866490 | N111: rs55878434 | O111: T | P111: TA | Q111: =LEFT(F111, FIND("-", F111) - 1) -> #VALUE! | R111: =MID(F111, FIND("-", F111) + 1, 1) -> #VALUE! | S111: ="ENSG00000115380.19,chr2_" & 'GTEx INPUT'!$M111 & "_" &'GTEx INPUT'!$O111&"_"&'GTEx INPUT'!$R111&"_b38" -> #VALUE! | T111: =IF(COUNTIF($S:$S, S111) = 1, "Unique", IF(COUNTIF($S$2:S111, S111) = 1, "Duplicate representer", "Duplicate")) -> Duplicate | U111: =IF(O111 <> R111, "Different", "Same") -> #VALUE!
L112: 2 | M112: 55866490 | N112: rs905215702 | O112: T | P112: C | Q112: =LEFT(F112, FIND("-", F112) - 1) -> #VALUE! | R112: =MID(F112, FIND("-", F112) + 1, 1) -> #VALUE! | S112: ="ENSG00000115380.19,chr2_" & 'GTEx INPUT'!$M112 & "_" &'GTEx INPUT'!$O112&"_"&'GTEx INPUT'!$R112&"_b38" -> #VALUE! | T112: =IF(COUNTIF($S:$S, S112) = 1, "Unique", IF(COUNTIF($S$2:S112, S112) = 1, "Duplicate representer", "Duplicate")) -> Duplicate | U112: =IF(O112 <> R112, "Different", "Same") -> #VALUE!
L113: 2 | M113: 55866492 | N113: rs764390546 | O113: A | P113: G | Q113: =LEFT(F113, FIND("-", F113) - 1) -> #VALUE! | R113: =MID(F113, FIND("-", F113) + 1, 1) -> #VALUE! | S113: ="ENSG00000115380.19,chr2_" & 'GTEx INPUT'!$M113 & "_" &'GTEx INPUT'!$O113&"_"&'GTEx INPUT'!$R113&"_b38" -> #VALUE! | T113: =IF(COUNTIF($S:$S, S113) = 1, "Unique", IF(COUNTIF($S$2:S113, S113) = 1, "Duplicate representer", "Duplicate")) -> Duplicate | U113: =IF(O113 <> R113, "Different", "Same") -> #VALUE!
L114: 2 | M114: 55866499 | N114: rs548670062 | O114: C | P114: T | Q114: =LEFT(F114, FIND("-", F114) - 1) -> #VALUE! | R114: =MID(F114, FIND("-", F114) + 1, 1) -> #VALUE! | S114: ="ENSG00000115380.19,chr2_" & 'GTEx INPUT'!$M114 & "_" &'GTEx INPUT'!$O114&"_"&'GTEx INPUT'!$R114&"_b38" -> #VALUE! | T114: =IF(COUNTIF($S:$S, S114) = 1, "Unique", IF(COUNTIF($S$2:S114, S114) = 1, "Duplicate representer", "Duplicate")) -> Duplicate | U114: =IF(O114 <> R114, "Different", "Same") -> #VALUE!
L115: 2 | M115: 55866502 | N115: rs1056532182 | O115: A | P115: G | Q115: =LEFT(F115, FIND("-", F115) - 1) -> #VALUE! | R115: =MID(F115, FIND("-", F115) + 1, 1) -> #VALUE! | S115: ="ENSG00000115380.19,chr2_" & 'GTEx INPUT'!$M115 & "_" &'GTEx INPUT'!$O115&"_"&'GTEx INPUT'!$R115&"_b38" -> #VALUE! | T115: =IF(COUNTIF($S:$S, S115) = 1, "Unique", IF(COUNTIF($S$2:S115, S115) = 1, "Duplicate representer", "Duplicate")) -> Duplicate | U115: =IF(O115 <> R115, "Different", "Same") -> #VALUE!
L116: 2 | M116: 55866516 | N116: rs1063452 | O116: A | P116: G | Q116: =LEFT(F116, FIND("-", F116) - 1) -> #VALUE! | R116: =MID(F116, FIND("-", F116) + 1, 1) -> #VALUE! | S116: ="ENSG00000115380.19,chr2_" & 'GTEx INPUT'!$M116 & "_" &'GTEx INPUT'!$O116&"_"&'GTEx INPUT'!$R116&"_b38" -> #VALUE! | T116: =IF(COUNTIF($S:$S, S116) = 1, "Unique", IF(COUNTIF($S$2:S116, S116) = 1, "Duplicate representer", "Duplicate")) -> Duplicate | U116: =IF(O116 <> R116, "Different", "Same") -> #VALUE!
L117: 2 | M117: 55866519 | N117: rs1304686880 | O117: G | P117: A | Q117: =LEFT(F117, FIND("-", F117) - 1) -> #VALUE! | R117: =MID(F117, FIND("-", F117) + 1, 1) -> #VALUE! | S117: ="ENSG00000115380.19,chr2_" & 'GTEx INPUT'!$M117 & "_" &'GTEx INPUT'!$O117&"_"&'GTEx INPUT'!$R117&"_b38" -> #VALUE! | T117: =IF(COUNTIF($S:$S, S117) = 1, "Unique", IF(COUNTIF($S$2:S117, S117) = 1, "Duplicate representer", "Duplicate")) -> Duplicate | U117: =IF(O117 <> R117, "Different", "Same") -> #VALUE!
L118: 2 | M118: 55866523 | N118: rs1389227764 | O118: A | P118: C | Q118: =LEFT(F118, FIND("-", F118) - 1) -> #VALUE! | R118: =MID(F118, FIND("-", F118) + 1, 1) -> #VALUE! | S118: ="ENSG00000115380.19,chr2_" & 'GTEx INPUT'!$M118 & "_" &'GTEx INPUT'!$O118&"_"&'GTEx INPUT'!$R118&"_b38" -> #VALUE! | T118: =IF(COUNTIF($S:$S, S118) = 1, "Unique", IF(COUNTIF($S$2:S118, S118) = 1, "Duplicate representer", "Duplicate")) -> Duplicate | U118: =IF(O118 <> R118, "Different", "Same") -> #VALUE!
L119: 2 | M119: 55866526 | N119: rs1436957363 | O119: A | P119: C | Q119: =LEFT(F119, FIND("-", F119) - 1) -> #VALUE! | R119: =MID(F119, FIND("-", F119) + 1, 1) -> #VALUE! | S119: ="ENSG00000115380.19,chr2_" & 'GTEx INPUT'!$M119 & "_" &'GTEx INPUT'!$O119&"_"&'GTEx INPUT'!$R119&"_b38" -> #VALUE! | T119: =IF(COUNTIF($S:$S, S119) = 1, "Unique", IF(COUNTIF($S$2:S119, S119) = 1, "Duplicate representer", "Duplicate")) -> Duplicate | U119: =IF(O119 <> R119, "Different", "Same") -> #VALUE!
L120: 2 | M120: 55866532 | N120: rs1424737500 | O120: T | P120: A | Q120: =LEFT(F120, FIND("-", F120) - 1) -> #VALUE! | R120: =MID(F120, FIND("-", F120) + 1, 1) -> #VALUE! | S120: ="ENSG00000115380.19,chr2_" & 'GTEx INPUT'!$M120 & "_" &'GTEx INPUT'!$O120&"_"&'GTEx INPUT'!$R120&"_b38" -> #VALUE! | T120: =IF(COUNTIF($S:$S, S120) = 1, "Unique", IF(COUNTIF($S$2:S120, S120) = 1, "Duplicate representer", "Duplicate")) -> Duplicate | U120: =IF(O120 <> R120, "Different", "Same") -> #VALUE!
L121: 2 | M121: 55866533 | N121: rs1321141032 | O121: T | P121: G | Q121: =LEFT(F121, FIND("-", F121) - 1) -> #VALUE! | R121: =MID(F121, FIND("-", F121) + 1, 1) -> #VALUE! | S121: ="ENSG00000115380.19,chr2_" & 'GTEx INPUT'!$M121 & "_" &'GTEx INPUT'!$O121&"_"&'GTEx INPUT'!$R121&"_b38" -> #VALUE! | T121: =IF(COUNTIF($S:$S, S121) = 1, "Unique", IF(COUNTIF($S$2:S121, S121) = 1, "Duplicate representer", "Duplicate")) -> Duplicate | U121: =IF(O121 <> R121, "Different", "Same") -> #VALUE!
L122: 2 | M122: 55866540 | N122: rs56411268 | O122: A | P122: G | Q122: =LEFT(F122, FIND("-", F122) - 1) -> #VALUE! | R122: =MID(F122, FIND("-", F122) + 1, 1) -> #VALUE! | S122: ="ENSG00000115380.19,chr2_" & 'GTEx INPUT'!$M122 & "_" &'GTEx INPUT'!$O122&"_"&'GTEx INPUT'!$R122&"_b38" -> #VALUE! | T122: =IF(COUNTIF($S:$S, S122) = 1, "Unique", IF(COUNTIF($S$2:S122, S122) = 1, "Duplicate representer", "Duplicate")) -> Duplicate | U122: =IF(O122 <> R122, "Different", "Same") -> #VALUE!
... L635: 2 | M635: 55868854 | N635: rs1054076111 | O635: A | P635: T | Q635: =LEFT(F635, FIND("-", F635) - 1) -> #VALUE! | R635: =MID(F635, FIND("-", F635) + 1, 1) -> #VALUE! | S635: ="ENSG00000115380.19,chr2_" & 'GTEx INPUT'!$M635 & "_" &'GTEx INPUT'!$O635&"_"&'GTEx INPUT'!$R635&"_b38" -> #VALUE! | T635: =IF(COUNTIF($S:$S, S635) = 1, "Unique", IF(COUNTIF($S$2:S635, S635) = 1, "Duplicate representer", "Duplicate")) -> Duplicate | U635: =IF(O635 <> R635, "Different", "Same") -> #VALUE!
A636: 28374850 | B636: Chronic venous disease | C636: 55868859 | D636: EFEMP1 | E636: EFEMP1 | F636: rs17278665-G | G636: intron_variant | H636: 0.15 | I636: 2e-08 | J636: 7.69897 | K636: chronic venous insufficiency, Varicose veins | L636: 2 | M636: 55868859 | N636: rs17278665 | O636: C | P636: G | Q636: =LEFT(F636, FIND("-", F636) - 1) -> rs17278665 | R636: =MID(F636, FIND("-", F636) + 1, 1) -> G | S636: ="ENSG00000115380.19,chr2_" & 'GTEx INPUT'!$M636 & "_" &'GTEx INPUT'!$O636&"_"&'GTEx INPUT'!$R636&"_b38" -> ENSG00000115380.19,chr2_55868859_C_G_b38 | T636: =IF(COUNTIF($S:$S, S636) = 1, "Unique", IF(COUNTIF($S$2:S636, S636) = 1, "Duplicate representer", "Duplicate")) -> Duplicate representer | U636: =IF(O636 <> R636, "Different", "Same") -> Different
A637: 34382107 | B637: Inguinal hernia | C637: 55868859 | E637: EFEMP1 | F637: rs17278665-G | G637: intron_variant | H637: 0.17 | I637: 4e-25 | J637: 24.39794 | K637: Inguinal hernia | L637: 2 | M637: 55868859 | N637: rs17278665 | O637: C | P637: G | Q637: =LEFT(F637, FIND("-", F637) - 1) -> rs17278665 | R637: =MID(F637, FIND("-", F637) + 1, 1) -> G | S637: ="ENSG00000115380.19,chr2_" & 'GTEx INPUT'!$M637 & "_" &'GTEx INPUT'!$O637&"_"&'GTEx INPUT'!$R637&"_b38" -> ENSG00000115380.19,chr2_55868859_C_G_b38 | T637: =IF(COUNTIF($S:$S, S637) = 1, "Unique", IF(COUNTIF($S$2:S637, S637) = 1, "Duplicate representer", "Duplicate")) -> Duplicate | U637: =IF(O637 <> R637, "Different", "Same") -> Different
A638: 34021172 | B638: Waist circumference adjusted for body mass index | C638: 55868859 | D638: EFEMP1 | E638: EFEMP1 | F638: rs17278665-G | G638: intron_variant | H638: NR | I638: 2e-24 | J638: 23.69897 | K638: BMI-adjusted waist circumference | L638: 2 | M638: 55868859 | N638: rs17278665 | O638: C | P638: G | Q638: =LEFT(F638, FIND("-", F638) - 1) -> rs17278665 | R638: =MID(F638, FIND("-", F638) + 1, 1) -> G | S638: ="ENSG00000115380.19,chr2_" & 'GTEx INPUT'!$M638 & "_" &'GTEx INPUT'!$O638&"_"&'GTEx INPUT'!$R638&"_b38" -> ENSG00000115380.19,chr2_55868859_C_G_b38 | T638: =IF(COUNTIF($S:$S, S638) = 1, "Unique", IF(COUNTIF($S$2:S638, S638) = 1, "Duplicate representer", "Duplicate")) -> Duplicate | U638: =IF(O638 <> R638, "Different", "Same") -> Different
A639: 34021172 | B639: Waist-hip index | C639: 55868859 | D639: EFEMP1 | E639: EFEMP1 | F639: rs17278665-G | G639: intron_variant | H639: NR | I639: 9e-09 | J639: 8.0457575 | K639: BMI-adjusted waist-hip ratio | L639: 2 | M639: 55868859 | N639: rs17278665 | O639: C | P639: G | Q639: =LEFT(F639, FIND("-", F639) - 1) -> rs17278665 | R639: =MID(F639, FIND("-", F639) + 1, 1) -> G | S639: ="ENSG00000115380.19,chr2_" & 'GTEx INPUT'!$M639 & "_" &'GTEx INPUT'!$O639&"_"&'GTEx INPUT'!$R639&"_b38" -> ENSG00000115380.19,chr2_55868859_C_G_b38 | T639: =IF(COUNTIF($S:$S, S639) = 1, "Unique", IF(COUNTIF($S$2:S639, S639) = 1, "Duplicate representer", "Duplicate")) -> Duplicate | U639: =IF(O639 <> R639, "Different", "Same") -> Different
A640: 34021172 | B640: A body shape index | C640: 55868859 | D640: EFEMP1 | E640: EFEMP1 | F640: rs17278665-G | G640: intron_variant | H640: NR | I640: 6e-12 | J640: 11.221849 | K640: BMI-adjusted waist circumference | L640: 2 | M640: 55868859 | N640: rs17278665 | O640: C | P640: G | Q640: =LEFT(F640, FIND("-", F640) - 1) -> rs17278665 | R640: =MID(F640, FIND("-", F640) + 1, 1) -> G | S640: ="ENSG00000115380.19,chr2_" & 'GTEx INPUT'!$M640 & "_" &'GTEx INPUT'!$O640&"_"&'GTEx INPUT'!$R640&"_b38" -> ENSG00000115380.19,chr2_55868859_C_G_b38 | T640: =IF(COUNTIF($S:$S, S640) = 1, "Unique", IF(COUNTIF($S$2:S640, S640) = 1, "Duplicate representer", "Duplicate")) -> Duplicate | U640: =IF(O640 <> R640, "Different", "Same") -> Different
A641: 34077760 | B641: Vertical cup-disc ratio | C641: 55868859 | E641: EFEMP1 | F641: rs17278665-C | G641: intron_variant | H641: NR | I641: 6e-11 | J641: 10.221849 | K641: cup-to-disc ratio measurement | L641: 2 | M641: 55868859 | N641: rs17278665 | O641: C | P641: G | Q641: =LEFT(F641, FIND("-", F641) - 1) -> rs17278665 | R641: =MID(F641, FIND("-", F641) + 1, 1) -> C | S641: ="ENSG00000115380.19,chr2_" & 'GTEx INPUT'!$M641 & "_" &'GTEx INPUT'!$O641&"_"&'GTEx INPUT'!$R641&"_b38" -> ENSG00000115380.19,chr2_55868859_C_C_b38 | T641: =IF(COUNTIF($S:$S, S641) = 1, "Unique", IF(COUNTIF($S$2:S641, S641) = 1, "Duplicate representer", "Duplicate")) -> Unique | U641: =IF(O641 <> R641, "Different", "Same") -> Same
A642: 37277458 | B642: Multi-trait sex score | C642: 55868859 | E642: EFEMP1 | F642: rs17278665-? | G642: intron_variant | H642: NR | I642: 3e-12 | J642: 11.522879 | K642: sexual dimorphism measurement | L642: 2 | M642: 55868859 | N642: rs17278665 | O642: C | P642: G | Q642: =LEFT(F642, FIND("-", F642) - 1) -> rs17278665 | R642: =MID(F642, FIND("-", F642) + 1, 1) -> ? | S642: ="ENSG00000115380.19,chr2_" & 'GTEx INPUT'!$M642 & "_" &'GTEx INPUT'!$O642&"_"&'GTEx INPUT'!$R642&"_b38" -> ENSG00000115380.19,chr2_55868859_C_?_b38 | T642: =IF(COUNTIF($S:$S, S642) = 1, "Unique", IF(COUNTIF($S$2:S642, S642) = 1, "Duplicate representer", "Duplicate")) -> Duplicate | U642: =IF(O642 <> R642, "Different", "Same") -> Different
A643: 37277458 | B643: Multi-trait sex score | C643: 55868859 | E643: EFEMP1 | F643: rs17278665-? | G643: intron_variant | H643: NR | I643: 1e-13 | J643: 13 | K643: sexual dimorphism measurement | L643: 2 | M643: 55868859 | N643: rs17278665 | O643: C | P643: G | Q643: =LEFT(F643, FIND("-", F643) - 1) -> rs17278665 | R643: =MID(F643, FIND("-", F643) + 1, 1) -> ? | S643: ="ENSG00000115380.19,chr2_" & 'GTEx INPUT'!$M643 & "_" &'GTEx INPUT'!$O643&"_"&'GTEx INPUT'!$R643&"_b38" -> ENSG00000115380.19,chr2_55868859_C_?_b38 | T643: =IF(COUNTIF($S:$S, S643) = 1, "Unique", IF(COUNTIF($S$2:S643, S643) = 1, "Duplicate representer", "Duplicate")) -> Duplicate | U643: =IF(O643 <> R643, "Different", "Same") -> Different
A644: 36224396 | B644: Height | C644: 55868859 | E644: EFEMP1 | F644: rs17278665-G | G644: intron_variant | H644: 0.1531 | I644: 1e-300 | J644: 300 | K644: body height | L644: 2 | M644: 55868859 | N644: rs17278665 | O644: C | P644: G | Q644: =LEFT(F644, FIND("-", F644) - 1) -> rs17278665 | R644: =MID(F644, FIND("-", F644) + 1, 1) -> G | S644: ="ENSG00000115380.19,chr2_" & 'GTEx INPUT'!$M644 & "_" &'GTEx INPUT'!$O644&"_"&'GTEx INPUT'!$R644&"_b38" -> ENSG00000115380.19,chr2_55868859_C_G_b38 | T644: =IF(COUNTIF($S:$S, S644) = 1, "Unique", IF(COUNTIF($S$2:S644, S644) = 1, "Duplicate representer", "Duplicate")) -> Duplicate | U644: =IF(O644 <> R644, "Different", "Same") -> Different
L645: 2 | M645: 55868865 | N645: rs1006843349 | O645: G | P645: A | Q645: =LEFT(F645, FIND("-", F645) - 1) -> #VALUE! | R645: =MID(F645, FIND("-", F645) + 1, 1) -> #VALUE! | S645: ="ENSG00000115380.19,chr2_" & 'GTEx INPUT'!$M645 & "_" &'GTEx INPUT'!$O645&"_"&'GTEx INPUT'!$R645&"_b38" -> #VALUE! | T645: =IF(COUNTIF($S:$S, S645) = 1, "Unique", IF(COUNTIF($S$2:S645, S645) = 1, "Duplicate representer", "Duplicate")) -> Duplicate | U645: =IF(O645 <> R645, "Different", "Same") -> #VALUE!
L646: 2 | M646: 55868870 | N646: rs1276237546 | O646: T | P646: G | Q646: =LEFT(F646, FIND("-", F646) - 1) -> #VALUE! | R646: =MID(F646, FIND("-", F646) + 1, 1) -> #VALUE! | S646: ="ENSG00000115380.19,chr2_" & 'GTEx INPUT'!$M646 & "_" &'GTEx INPUT'!$O646&"_"&'GTEx INPUT'!$R646&"_b38" -> #VALUE! | T646: =IF(COUNTIF($S:$S, S646) = 1, "Unique", IF(COUNTIF($S$2:S646, S646) = 1, "Duplicate representer", "Duplicate")) -> Duplicate | U646: =IF(O646 <> R646, "Different", "Same") -> #VALUE!
L647: 2 | M647: 55868871 | N647: rs1033519369 | O647: T | P647: C | Q647: =LEFT(F647, FIND("-", F647) - 1) -> #VALUE! | R647: =MID(F647, FIND("-", F647) + 1, 1) -> #VALUE! | S647: ="ENSG00000115380.19,chr2_" & 'GTEx INPUT'!$M647 & "_" &'GTEx INPUT'!$O647&"_"&'GTEx INPUT'!$R647&"_b38" -> #VALUE! | T647: =IF(COUNTIF($S:$S, S647) = 1, "Unique", IF(COUNTIF($S$2:S647, S647) = 1, "Duplicate representer", "Duplicate")) -> Duplicate | U647: =IF(O647 <> R647, "Different", "Same") -> #VALUE!
L648: 2 | M648: 55868878 | N648: rs1019604818 | O648: C | P648: A,T | Q648: =LEFT(F648, FIND("-", F648) - 1) -> #VALUE! | R648: =MID(F648, FIND("-", F648) + 1, 1) -> #VALUE! | S648: ="ENSG00000115380.19,chr2_" & 'GTEx INPUT'!$M648 & "_" &'GTEx INPUT'!$O648&"_"&'GTEx INPUT'!$R648&"_b38" -> #VALUE! | T648: =IF(COUNTIF($S:$S, S648) = 1, "Unique", IF(COUNTIF($S$2:S648, S648) = 1, "Duplicate representer", "Duplicate")) -> Duplicate | U648: =IF(O648 <> R648, "Different", "Same") -> #VALUE!
L649: 2 | M649: 55868879 | N649: rs779140916 | O649: G | P649: A,C | Q649: =LEFT(F649, FIND("-", F649) - 1) -> #VALUE! | R649: =MID(F649, FIND("-", F649) + 1, 1) -> #VALUE! | S649: ="ENSG00000115380.19,chr2_" & 'GTEx INPUT'!$M649 & "_" &'GTEx INPUT'!$O649&"_"&'GTEx INPUT'!$R649&"_b38" -> #VALUE! | T649: =IF(COUNTIF($S:$S, S649) = 1, "Unique", IF(COUNTIF($S$2:S649, S649) = 1, "Duplicate representer", "Duplicate")) -> Duplicate | U649: =IF(O649 <> R649, "Different", "Same") -> #VALUE!
L650: 2 | M650: 55868885 | N650: rs1171780184 | O650: A | P650: G | Q650: =LEFT(F650, FIND("-", F650) - 1) -> #VALUE! | R650: =MID(F650, FIND("-", F650) + 1, 1) -> #VALUE! | S650: ="ENSG00000115380.19,chr2_" & 'GTEx INPUT'!$M650 & "_" &'GTEx INPUT'!$O650&"_"&'GTEx INPUT'!$R650&"_b38" -> #VALUE! | T650: =IF(COUNTIF($S:$S, S650) = 1, "Unique", IF(COUNTIF($S$2:S650, S650) = 1, "Duplicate representer", "Duplicate")) -> Duplicate | U650: =IF(O650 <> R650, "Different", "Same") -> #VALUE!
L651: 2 | M651: 55868889 | N651: rs994234199 | O651: C | P651: T | Q651: =LEFT(F651, FIND("-", F651) - 1) -> #VALUE! | R651: =MID(F651, FIND("-", F651) + 1, 1) -> #VALUE! | S651: ="ENSG00000115380.19,chr2_" & 'GTEx INPUT'!$M651 & "_" &'GTEx INPUT'!$O651&"_"&'GTEx INPUT'!$R651&"_b38" -> #VALUE! | T651: =IF(COUNTIF($S:$S, S651) = 1, "Unique", IF(COUNTIF($S$2:S651, S651) = 1, "Duplicate representer", "Duplicate")) -> Duplicate | U651: =IF(O651 <> R651, "Different", "Same") -> #VALUE!
L652: 2 | M652: 55868901 | N652: rs548002943 | O652: T | P652: G | Q652: =LEFT(F652, FIND("-", F652) - 1) -> #VALUE! | R652: =MID(F652, FIND("-", F652) + 1, 1) -> #VALUE! | S652: ="ENSG00000115380.19,chr2_" & 'GTEx INPUT'!$M652 & "_" &'GTEx INPUT'!$O652&"_"&'GTEx INPUT'!$R652&"_b38" -> #VALUE! | T652: =IF(COUNTIF($S:$S, S652) = 1, "Unique", IF(COUNTIF($S$2:S652, S652) = 1, "Duplicate representer", "Duplicate")) -> Duplicate | U652: =IF(O652 <> R652, "Different", "Same") -> #VALUE!
L653: 2 | M653: 55868906 | N653: rs1174528512 | O653: T | P653: C | Q653: =LEFT(F653, FIND("-", F653) - 1) -> #VALUE! | R653: =MID(F653, FIND("-", F653) + 1, 1) -> #VALUE! | S653: ="ENSG00000115380.19,chr2_" & 'GTEx INPUT'!$M653 & "_" &'GTEx INPUT'!$O653&"_"&'GTEx INPUT'!$R653&"_b38" -> #VALUE! | T653: =IF(COUNTIF($S:$S, S653) = 1, "Unique", IF(COUNTIF($S$2:S653, S653) = 1, "Duplicate representer", "Duplicate")) -> Duplicate | U653: =IF(O653 <> R653, "Different", "Same") -> #VALUE!
L654: 2 | M654: 55868908 | N654: rs1166181842 | O654: T | P654: G | Q654: =LEFT(F654, FIND("-", F654) - 1) -> #VALUE! | R654: =MID(F654, FIND("-", F654) + 1, 1) -> #VALUE! | S654: ="ENSG00000115380.19,chr2_" & 'GTEx INPUT'!$M654 & "_" &'GTEx INPUT'!$O654&"_"&'GTEx INPUT'!$R654&"_b38" -> #VALUE! | T654: =IF(COUNTIF($S:$S, S654) = 1, "Unique", IF(COUNTIF($S$2:S654, S654) = 1, "Duplicate representer", "Duplicate")) -> Duplicate | U654: =IF(O654 <> R654, "Different", "Same") -> #VALUE!
L655: 2 | M655: 55868910 | N655: rs952964028 | O655: A | P655: G | Q655: =LEFT(F655, FIND("-", F655) - 1) -> #VALUE! | R655: =MID(F655, FIND("-", F655) + 1, 1) -> #VALUE! | S655: ="ENSG00000115380.19,chr2_" & 'GTEx INPUT'!$M655 & "_" &'GTEx INPUT'!$O655&"_"&'GTEx INPUT'!$R655&"_b38" -> #VALUE! | T655: =IF(COUNTIF($S:$S, S655) = 1, "Unique", IF(COUNTIF($S$2:S655, S655) = 1, "Duplicate representer", "Duplicate")) -> Duplicate | U655: =IF(O655 <> R655, "Different", "Same") -> #VALUE!
L656: 2 | M656: 55868912 | N656: rs962173134 | O656: T | P656: C | Q656: =LEFT(F656, FIND("-", F656) - 1) -> #VALUE! | R656: =MID(F656, FIND("-", F656) + 1, 1) -> #VALUE! | S656: ="ENSG00000115380.19,chr2_" & 'GTEx INPUT'!$M656 & "_" &'GTEx INPUT'!$O656&"_"&'GTEx INPUT'!$R656&"_b38" -> #VALUE! | T656: =IF(COUNTIF($S:$S, S656) = 1, "Unique", IF(COUNTIF($S$2:S656, S656) = 1, "Duplicate representer", "Duplicate")) -> Duplicate | U656: =IF(O656 <> R656, "Different", "Same") -> #VALUE!
... L809: 2 | M809: 55869753 | N809: rs911075521 | O809: A | P809: T | Q809: =LEFT(F809, FIND("-", F809) - 1) -> #VALUE! | R809: =MID(F809, FIND("-", F809) + 1, 1) -> #VALUE! | S809: ="ENSG00000115380.19,chr2_" & 'GTEx INPUT'!$M809 & "_" &'GTEx INPUT'!$O809&"_"&'GTEx INPUT'!$R809&"_b38" -> #VALUE! | T809: =IF(COUNTIF($S:$S, S809) = 1, "Unique", IF(COUNTIF($S$2:S809, S809) = 1, "Duplicate representer", "Duplicate")) -> Duplicate | U809: =IF(O809 <> R809, "Different", "Same") -> #VALUE!
A810: 31562340 | B810: Height | C810: 55869757 | D810: EFEMP1 | E810: EFEMP1 | F810: rs3791679-? | G810: intron_variant | H810: NR | I810: 4e-82 | J810: 81.39794 | K810: body height | L810: 2 | M810: 55869757 | N810: rs3791679 | O810: A | P810: G | Q810: =LEFT(F810, FIND("-", F810) - 1) -> rs3791679 | R810: =MID(F810, FIND("-", F810) + 1, 1) -> ? | S810: ="ENSG00000115380.19,chr2_" & 'GTEx INPUT'!$M810 & "_" &'GTEx INPUT'!$O810&"_"&'GTEx INPUT'!$R810&"_b38" -> ENSG00000115380.19,chr2_55869757_A_?_b38 | T810: =IF(COUNTIF($S:$S, S810) = 1, "Unique", IF(COUNTIF($S$2:S810, S810) = 1, "Duplicate representer", "Duplicate")) -> Duplicate representer | U810: =IF(O810 <> R810, "Different", "Same") -> Different
A811: 30804560 | B811: Lung function (FVC) | C811: 55869757 | D811: EFEMP1 | E811: EFEMP1 | F811: rs3791679-A | G811: intron_variant | H811: 0.7714 | I811: 7e-35 | J811: 34.154902 | K811: vital capacity | L811: 2 | M811: 55869757 | N811: rs3791679 | O811: A | P811: G | Q811: =LEFT(F811, FIND("-", F811) - 1) -> rs3791679 | R811: =MID(F811, FIND("-", F811) + 1, 1) -> A | S811: ="ENSG00000115380.19,chr2_" & 'GTEx INPUT'!$M811 & "_" &'GTEx INPUT'!$O811&"_"&'GTEx INPUT'!$R811&"_b38" -> ENSG00000115380.19,chr2_55869757_A_A_b38 | T811: =IF(COUNTIF($S:$S, S811) = 1, "Unique", IF(COUNTIF($S$2:S811, S811) = 1, "Duplicate representer", "Duplicate")) -> Duplicate representer | U811: =IF(O811 <> R811, "Different", "Same") -> Same
A812: 30804560 | B812: FEV1 | C812: 55869757 | D812: EFEMP1 | E812: EFEMP1 | F812: rs3791679-A | G812: intron_variant | H812: 0.7714 | I812: 3e-13 | J812: 12.522879 | K812: forced expiratory volume | L812: 2 | M812: 55869757 | N812: rs3791679 | O812: A | P812: G | Q812: =LEFT(F812, FIND("-", F812) - 1) -> rs3791679 | R812: =MID(F812, FIND("-", F812) + 1, 1) -> A | S812: ="ENSG00000115380.19,chr2_" & 'GTEx INPUT'!$M812 & "_" &'GTEx INPUT'!$O812&"_"&'GTEx INPUT'!$R812&"_b38" -> ENSG00000115380.19,chr2_55869757_A_A_b38 | T812: =IF(COUNTIF($S:$S, S812) = 1, "Unique", IF(COUNTIF($S$2:S812, S812) = 1, "Duplicate representer", "Duplicate")) -> Duplicate | U812: =IF(O812 <> R812, "Different", "Same") -> Same
A813: 30804560 | B813: Lung function (FEV1/FVC) | C813: 55869757 | D813: EFEMP1 | E813: EFEMP1 | F813: rs3791679-A | G813: intron_variant | H813: 0.7714 | I813: 3e-16 | J813: 15.522879 | K813: FEV/FVC ratio | L813: 2 | M813: 55869757 | N813: rs3791679 | O813: A | P813: G | Q813: =LEFT(F813, FIND("-", F813) - 1) -> rs3791679 | R813: =MID(F813, FIND("-", F813) + 1, 1) -> A | S813: ="ENSG00000115380.19,chr2_" & 'GTEx INPUT'!$M813 & "_" &'GTEx INPUT'!$O813&"_"&'GTEx INPUT'!$R813&"_b38" -> ENSG00000115380.19,chr2_55869757_A_A_b38 | T813: =IF(COUNTIF($S:$S, S813) = 1, "Unique", IF(COUNTIF($S$2:S813, S813) = 1, "Duplicate representer", "Duplicate")) -> Duplicate | U813: =IF(O813 <> R813, "Different", "Same") -> Same
A814: 25673412 | B814: Hip circumference adjusted for BMI | C814: 55869757 | D814: EFEMP1 | E814: EFEMP1 | F814: rs3791679-A | G814: intron_variant | H814: 0.7597 | I814: 6e-10 | J814: 9.2218487 | K814: BMI-adjusted hip circumference | L814: 2 | M814: 55869757 | N814: rs3791679 | O814: A | P814: G | Q814: =LEFT(F814, FIND("-", F814) - 1) -> rs3791679 | R814: =MID(F814, FIND("-", F814) + 1, 1) -> A | S814: ="ENSG00000115380.19,chr2_" & 'GTEx INPUT'!$M814 & "_" &'GTEx INPUT'!$O814&"_"&'GTEx INPUT'!$R814&"_b38" -> ENSG00000115380.19,chr2_55869757_A_A_b38 | T814: =IF(COUNTIF($S:$S, S814) = 1, "Unique", IF(COUNTIF($S$2:S814, S814) = 1, "Duplicate representer", "Duplicate")) -> Duplicate | U814: =IF(O814 <> R814, "Different", "Same") -> Same
A815: 25673412 | B815: Hip circumference adjusted for BMI | C815: 55869757 | D815: EFEMP1 | E815: EFEMP1 | F815: rs3791679-A | G815: intron_variant | H815: 0.7597 | I815: 5e-15 | J815: 14.30103 | K815: BMI-adjusted hip circumference | L815: 2 | M815: 55869757 | N815: rs3791679 | O815: A | P815: G | Q815: =LEFT(F815, FIND("-", F815) - 1) -> rs3791679 | R815: =MID(F815, FIND("-", F815) + 1, 1) -> A | S815: ="ENSG00000115380.19,chr2_" & 'GTEx INPUT'!$M815 & "_" &'GTEx INPUT'!$O815&"_"&'GTEx INPUT'!$R815&"_b38" -> ENSG00000115380.19,chr2_55869757_A_A_b38 | T815: =IF(COUNTIF($S:$S, S815) = 1, "Unique", IF(COUNTIF($S$2:S815, S815) = 1, "Duplicate representer", "Duplicate")) -> Duplicate | U815: =IF(O815 <> R815, "Different", "Same") -> Same
...
